거래금액,전용면적,년,면적당금
"17,000",37.36,202101,455.03
"86,000",59.99,202101,1433.57
"98,000",84.97,202101,1153.35
"59,300",59.58,202101,995.3
"85,000",80.54,202101,1055.38
"88,900",84.74,202101,1049.09
"98,000",132.96,202101,737.06
"107,500",84.98,202101,1265
"69,000",59.79,202101,1154.04
"68,200",68.13,202101,1001.03
"64,300",59.4,202101,1082.49
"77,000",59.99,202101,1283.55
"87,000",117.16,202101,742.57
"87,000",117.16,202101,742.57
"91,000",84.98,202101,1070.84
"118,000",132.43,202101,891.04
"61,000",59.58,202101,1023.83
"70,000",59.4,202101,1178.45
"87,500",84.817,202101,1031.63
"84,800",59.99,202101,1413.57
"60,500",59.58,202101,1015.44
"67,300",68.13,202101,987.82
"92,000",114.66,202101,802.37
"89,000",84.87,202101,1048.66
"70,000",68.13,202101,1027.45
"87,700",80.54,202101,1088.9
"100,000",84.77,202101,1179.66
"60,000",59.58,202101,1007.05
"67,700",68.13,202101,993.69
"106,000",84.88,202101,1248.82
"90,500",84.97,202101,1065.08
"92,500",114.66,202101,806.73
"60,000",59.58,202101,1007.05
"97,500",114.66,202101,850.34
"89,000",81.82,202101,1087.75
"80,000",132.96,202101,601.68
"93,000",152.25,202101,610.84
"60,500",59.58,202101,1015.44
"59,000",59.58,202101,990.27
"80,000",59.99,202101,1333.56
"60,000",59.58,202101,1007.05
"72,500",59.4,202101,1220.54
"100,000",117.16,202101,853.53
"79,800",59.99,202101,1330.22
"92,000",84.97,202101,1082.74
"76,300",59.99,202101,1271.88
"106,000",132.96,202101,797.23
"83,800",84.87,202101,987.39
"83,000",84.87,202101,977.97
"20,800",14.093,202101,1475.91
"79,500",59.91,202101,1326.99
"84,500",59.96,202101,1409.27
"34,000",72.66,202101,467.93
"109,500",114.86,202101,953.33
"87,900",84.83,202101,1036.19
"93,400",84.83,202101,1101.03
"79,000",59.95,202101,1317.76
"90,000",84.83,202101,1060.95
"78,000",59.95,202101,1301.08
"73,000",56.83,202101,1284.53
"73,000",56.83,202101,1284.53
"79,000",59.95,202101,1317.76
"108,000",114.65,202101,942
"74,000",56.83,202101,1302.13
"50,500",84.99,202101,594.19
"142,000",116.86,202101,1215.13
"70,000",59.94,202101,1167.83
"69,000",84.15,202101,819.96
"59,000",68.03,202101,867.26
"75,000",59.6983,202101,1256.32
"96,500",84.8681,202101,1137.06
"78,000",98.68,202101,790.43
"26,000",63.87,202101,407.08
"71,500",59.754,202101,1196.57
"112,000",84.96,202101,1318.27
"99,800",59.81,202101,1668.62
"84,500",45.81,202101,1844.58
"102,500",59.81,202101,1713.76
"98,000",59.19,202101,1655.69
"66,750",84.69,202101,788.17
"104,500",59.19,202101,1765.5
"127,000",116.721,202101,1088.06
"105,000",84.904,202101,1236.69
"104,000",84.904,202101,1224.91
"75,000",85,202101,882.35
"65,000",84.92,202101,765.43
"74,900",114.63,202101,653.41
"80,000",84.307,202101,948.91
"73,000",84.92,202101,859.63
"109,700",114.35,202101,959.34
"33,800",43.11,202101,784.04
"39,700",84.71,202101,468.66
"70,700",59.98,202101,1178.73
"74,300",84.98,202101,874.32
"85,000",114.63,202101,741.52
"73,000",59.98,202101,1217.07
"57,000",59.94,202101,950.95
"49,800",59.94,202101,830.83
"78,000",114.81,202101,679.38
"78,000",59.37,202101,1313.79
"85,000",114.56,202101,741.97
"76,800",85,202101,903.53
"75,000",84.95,202101,882.87
"74,000",84.09,202101,880.01
"67,000",84.83,202101,789.81
"78,000",114.75,202101,679.74
"33,500",43.11,202101,777.08
"92,000",114.78,202101,801.53
"80,500",114.63,202101,702.26
"80,500",84.6824,202101,950.61
"71,700",84.99,202101,843.63
"57,700",59.88,202101,963.59
"68,000",59.77,202101,1137.69
"66,000",59.77,202101,1104.23
"74,300",84.88,202101,875.35
"90,000",109.75,202101,820.05
"90,000",109.75,202101,820.05
"65,800",59.77,202101,1100.89
"69,300",59.77,202101,1159.44
"58,000",59.88,202101,968.6
"67,500",84.96,202101,794.49
"69,000",84.99,202101,811.86
"35,000",52.89,202101,661.75
"60,000",59.4,202101,1010.1
"69,700",84.96,202101,820.39
"52,300",59.94,202101,872.54
"86,700",84.65,202101,1024.22
"57,000",59.88,202101,951.9
"74,500",84.98,202101,876.68
"74,000",114.76,202101,644.82
"77,500",59.37,202101,1305.37
"70,500",84.88,202101,830.58
"88,500",84.56,202101,1046.59
"64,800",81.09,202101,799.11
"59,900",59.88,202101,1000.33
"69,500",84.09,202101,826.5
"36,500",52.89,202101,690.11
"82,000",114.81,202101,714.22
"86,500",114.56,202101,755.06
"120,000",84.049,202101,1427.74
"78,700",59.86,202101,1314.73
"78,700",59.86,202101,1314.73
"73,000",59.99,202101,1216.87
"84,800",111.71,202101,759.11
"89,000",59.99,202101,1483.58
"87,000",59.99,202101,1450.24
"77,800",59.99,202101,1296.88
"84,500",59.97,202101,1409.04
"100,400",59.99,202101,1673.61
"103,000",84.96,202101,1212.34
"92,000",84.844,202101,1084.34
"101,000",84.64,202101,1193.29
"76,500",59.998,202101,1275.04
"89,000",59.9723,202101,1484.02
"104,000",84.82,202101,1226.13
"95,000",111.71,202101,850.42
"79,500",59.998,202101,1325.04
"79,500",59.86,202101,1328.1
"103,400",114.73,202101,901.25
"114,000",59.9,202101,1903.17
"99,500",59.99,202101,1658.61
"130,000",114.98,202101,1130.63
"120,000",84.049,202101,1427.74
"144,500",113.226,202101,1276.21
"100,500",84.96,202101,1182.91
"89,000",59.98,202101,1483.83
"108,000",84.82,202101,1273.28
"62,000",59.98,202101,1033.68
"110,000",84.92,202101,1295.34
"70,000",59.373,202101,1178.99
"86,500",84.97,202101,1018.01
"110,000",84.932,202101,1295.15
"114,300",59.97,202101,1905.95
"80,000",84.13,202101,950.91
"114,500",59.9,202101,1911.52
"69,900",59.98,202101,1165.39
"120,000",84.932,202101,1412.9
"90,000",59.99,202101,1500.25
"112,000",84.96,202101,1318.27
"88,000",84.844,202101,1037.2
"150,600",84.95,202101,1772.81
"84,300",59.97,202101,1405.7
"49,500",68.14,202101,726.45
"78,000",84.13,202101,927.14
"107,000",114.912,202101,931.15
"90,800",84.97,202101,1068.61
"110,000",84.82,202101,1296.86
"91,000",84.844,202101,1072.56
"81,000",84.52,202101,958.35
"52,800",68.14,202101,774.88
"115,000",84.95,202101,1353.74
"95,000",84.97,202101,1118.04
"91,500",84.844,202101,1078.45
"86,500",59.9284,202101,1443.39
"83,000",59.99,202101,1383.56
"79,000",59.998,202101,1316.71
"115,000",59.9,202101,1919.87
"97,800",59.92,202101,1632.18
"94,000",59.96,202101,1567.71
"109,300",84.64,202101,1291.35
"89,000",59.95,202101,1484.57
"84,700",59.99,202101,1411.9
"79,000",59.675,202101,1323.84
"96,000",84.73,202101,1133.01
"106,500",84.97,202101,1253.38
"90,000",59.98,202101,1500.5
"82,700",59.99,202101,1378.56
"123,000",84.99,202101,1447.23
"73,000",114.75,202101,636.17
"48,000",59.17,202101,811.22
"90,000",84.73,202101,1062.2
"72,800",59.86,202101,1216.17
"89,800",59.98,202101,1497.17
"108,000",84.99,202101,1270.74
"34,000",65.46,202101,519.4
"80,000",84.98,202101,941.4
"74,000",59.61,202101,1241.4
"121,000",119.87,202101,1009.43
"146,000",114.98,202101,1269.79
"97,600",84.73,202101,1151.89
"57,000",52.58,202101,1084.06
"95,500",84.589,202101,1128.99
"71,000",59.855,202101,1186.2
"57,000",52.58,202101,1084.06
"77,000",59.855,202101,1286.44
"71,000",59.855,202101,1186.2
"56,800",52.9,202101,1073.72
"57,000",52.58,202101,1084.06
"71,500",84.78,202101,843.36
"78,900",59.754,202101,1320.41
"77,800",59.65,202101,1304.27
"82,500",84.91,202101,971.62
"79,800",59.754,202101,1335.48
"57,000",54.79,202101,1040.34
"56,000",56.97,202101,982.97
"60,000",59.88,202101,1002
"56,800",52.58,202101,1080.26
"56,800",54.14,202101,1049.13
"57,800",52.9,202101,1092.63
"77,000",59.65,202101,1290.86
"95,500",84.88,202101,1125.12
"55,000",59.88,202101,918.5
"57,000",52.58,202101,1084.06
"57,800",52.58,202101,1099.28
"98,500",84.589,202101,1164.45
"56,800",52.9,202101,1073.72
"80,000",59.754,202101,1338.82
"57,800",52.9,202101,1092.63
"80,000",59.754,202101,1338.82
"85,000",84.766,202101,1002.76
"12,700",15.62,202101,813.06
"12,500",15.62,202101,800.26
"72,000",59.855,202101,1202.91
"89,500",84.843,202101,1054.89
"86,000",84.843,202101,1013.64
"56,000",52.9,202101,1058.6
"72,000",79.984,202101,900.18
"89,900",114.61,202101,784.4
"56,000",52.58,202101,1065.04
"76,800",59.65,202101,1287.51
"76,700",59.65,202101,1285.83
"102,000",114.752,202101,888.87
"76,700",59.855,202101,1281.43
"93,000",114.752,202101,810.44
"56,000",52.58,202101,1065.04
"56,000",56.97,202101,982.97
"84,000",84.54,202101,993.61
"100,000",84.589,202101,1182.19
"98,500",114.752,202101,858.37
"85,000",84.766,202101,1002.76
"97,000",114.752,202101,845.3
"78,900",59.754,202101,1320.41
"57,000",52.58,202101,1084.06
"110,000",114.678,202101,959.21
"56,000",52.58,202101,1065.04
"83,300",84.843,202101,981.81
"56,000",52.9,202101,1058.6
"56,800",52.9,202101,1073.72
"58,100",52.58,202101,1104.98
"80,000",59.855,202101,1336.56
"10,000",15.62,202101,640.2
"95,000",84.589,202101,1123.08
"61,300",59.95,202101,1022.52
"63,000",59.95,202101,1050.88
"59,900",59.95,202101,999.17
"64,000",59.95,202101,1067.56
"45,500",59.64,202101,762.91
"64,000",59.95,202101,1067.56
"82,500",114.66,202101,719.52
"63,500",59.95,202101,1059.22
"88,000",114.66,202101,767.49
"75,400",84.97,202101,887.37
"75,950",84.97,202101,893.84
"94,500",59.99,202101,1575.26
"118,700",84.98,202101,1396.8
"119,700",84.98,202101,1408.57
"94,000",59.99,202101,1566.93
"95,000",59.99,202101,1583.6
"129,700",84.94,202101,1526.96
"120,000",84.87,202101,1413.93
"76,900",84.98,202101,904.92
"69,000",59.98,202101,1150.38
"92,000",84.843,202101,1084.36
"97,000",84.843,202101,1143.29
"12,000",14.7145,202101,815.52
"94,000",59.35,202101,1583.82
"73,000",59.97,202101,1217.28
"102,800",59.98,202101,1713.9
"65,000",54.55,202101,1191.57
"129,000",109.38,202101,1179.37
"69,800",59.93,202101,1164.69
"86,700",84.9,202101,1021.2
"70,000",59.97,202101,1167.25
"71,000",59.97,202101,1183.93
"124,000",84.97,202101,1459.34
"87,000",59.98,202101,1450.48
"78,000",84.87,202101,919.05
"120,000",84.97,202101,1412.26
"85,000",84.83,202101,1002
"65,000",54.55,202101,1191.57
"75,000",59.97,202101,1250.63
"79,700",84.87,202101,939.08
"69,900",59.97,202101,1165.58
"90,000",84.9,202101,1060.07
"86,000",84.9,202101,1012.96
"55,000",59.79,202101,919.89
"85,000",59.99,202102,1416.9
"80,700",59.99,202102,1345.22
"78,500",59.99,202102,1308.55
"57,000",59.58,202102,956.7
"66,300",68.13,202102,973.14
"69,800",68.13,202102,1024.51
"68,000",68.13,202102,998.09
"80,500",59.99,202102,1341.89
"59,000",59.58,202102,990.27
"69,700",68.13,202102,1023.04
"80,000",84.98,202102,941.4
"62,700",59.58,202102,1052.37
"52,500",41.58,202102,1262.63
"102,000",132.96,202102,767.15
"77,500",59.99,202102,1291.88
"74,500",84.8,202102,878.54
"82,500",84.87,202102,972.07
"55,800",41.58,202102,1341.99
"80,000",59.99,202102,1333.56
"84,000",84.92,202102,989.17
"98,000",84.97,202102,1153.35
"81,500",84.87,202102,960.29
"71,000",68.13,202102,1042.13
"99,500",132.96,202102,748.35
"99,500",132.96,202102,748.35
"63,000",58.59,202102,1075.27
"112,000",125.043,202102,895.69
"69,000",56.83,202102,1214.15
"70,400",59.94,202102,1174.51
"73,000",59.6983,202102,1222.82
"81,500",59.6983,202102,1365.2
"65,000",78.57,202102,827.29
"68,000",84.9,202102,800.94
"69,000",84.9,202102,812.72
"65,000",84.9,202102,765.61
"120,000",84.99,202102,1411.93
"95,000",84.3,202102,1126.93
"98,500",84.904,202102,1160.13
"98,500",84.904,202102,1160.13
"102,800",84.3,202102,1219.45
"50,000",59.98,202102,833.61
"74,500",114.75,202102,649.24
"76,000",84.95,202102,894.64
"76,000",84.95,202102,894.64
"76,000",84.88,202102,895.38
"71,500",84.98,202102,841.37
"58,900",59.88,202102,983.63
"75,000",84.88,202102,883.6
"89,000",114.93,202102,774.38
"35,800",43.11,202102,830.43
"69,500",84.96,202102,818.03
"75,900",84.915,202102,893.84
"69,000",84.09,202102,820.55
"72,000",84.09,202102,856.23
"69,500",84.95,202102,818.13
"64,000",60,202102,1066.67
"64,000",81.09,202102,789.25
"64,000",60,202102,1066.67
"66,500",60,202102,1108.33
"71,800",84.95,202102,845.2
"98,900",109.75,202102,901.14
"58,500",59.88,202102,976.95
"75,000",59.94,202102,1251.25
"73,000",114.84,202102,635.67
"73,000",114.84,202102,635.67
"75,000",84.307,202102,889.61
"86,000",84.56,202102,1017.03
"51,000",59.94,202102,850.85
"69,500",84.96,202102,818.03
"63,000",59.67,202102,1055.81
"36,500",52.89,202102,690.11
"73,000",84.92,202102,859.63
"58,200",59.88,202102,971.94
"68,200",84.96,202102,802.73
"37,750",52.89,202102,713.75
"71,800",84.95,202102,845.2
"75,600",84.95,202102,889.94
"64,800",59.77,202102,1084.16
"59,500",59.42,202102,1001.35
"91,000",84.97,202102,1070.97
"104,000",114.35,202102,909.49
"59,500",59.42,202102,1001.35
"89,700",84.65,202102,1059.66
"70,000",84.92,202102,824.31
"84,500",114.56,202102,737.6
"51,000",59.98,202102,850.28
"84,500",59.99,202102,1408.57
"145,000",114.98,202102,1261.09
"104,500",84.94,202102,1230.28
"84,500",59.99,202102,1408.57
"68,000",59.998,202102,1133.37
"89,000",59.75,202102,1489.54
"88,000",59.75,202102,1472.8
"95,000",84.64,202102,1122.4
"75,000",59.99,202102,1250.21
"52,000",68.14,202102,763.13
"79,000",59.998,202102,1316.71
"79,900",59.998,202102,1331.71
"76,500",59.998,202102,1275.04
"110,000",84.82,202102,1296.86
"79,700",59.86,202102,1331.44
"99,500",59.373,202102,1675.85
"131,500",114.93,202102,1144.17
"113,000",59.97,202102,1884.28
"149,900",84.95,202102,1764.57
"87,000",84.844,202102,1025.41
"75,000",59.998,202102,1250.04
"119,000",59.97,202102,1984.33
"100,000",84.64,202102,1181.47
"100,000",84.64,202102,1181.47
"153,000",84.95,202102,1801.06
"84,000",59.97,202102,1400.7
"84,000",59.97,202102,1400.7
"108,500",114.912,202102,944.2
"115,000",59.97,202102,1917.63
"125,000",84.049,202102,1487.23
"84,500",59.97,202102,1409.04
"98,400",84.64,202102,1162.57
"104,500",84.64,202102,1234.64
"104,500",84.64,202102,1234.64
"92,800",84.844,202102,1093.77
"95,000",84.844,202102,1119.7
"94,500",84.844,202102,1113.81
"85,000",59.75,202102,1422.59
"115,000",114.73,202102,1002.35
"87,500",59.99,202102,1458.58
"111,000",84.96,202102,1306.5
"98,000",84.64,202102,1157.84
"115,000",84.82,202102,1355.81
"24,500",52.56,202102,466.13
"31,000",62.55,202102,495.6
"50,000",59.88,202102,835
"31,000",62.55,202102,495.6
"72,000",59.86,202102,1202.81
"81,750",59.99,202102,1362.73
"95,000",84.95,202102,1118.3
"100,500",84.73,202102,1186.12
"95,000",84.95,202102,1118.3
"70,900",59.04,202102,1200.88
"92,800",59.97,202102,1547.44
"92,800",59.97,202102,1547.44
"79,000",84.52,202102,934.69
"88,500",59.97,202102,1475.74
"110,500",84.98,202102,1300.31
"108,000",84.98,202102,1270.89
"82,700",59.73,202102,1384.56
"109,000",84.98,202102,1282.65
"109,000",84.98,202102,1282.65
"88,800",84.72,202102,1048.16
"89,000",84.72,202102,1050.52
"75,700",59.04,202102,1282.18
"56,000",52.58,202102,1065.04
"57,000",52.9,202102,1077.5
"89,000",84.843,202102,1049
"86,000",84.99,202102,1011.88
"97,000",114.752,202102,845.3
"97,000",114.752,202102,845.3
"78,900",59.855,202102,1318.19
"56,000",52.58,202102,1065.04
"60,000",52.58,202102,1141.12
"70,000",66.61,202102,1050.89
"101,000",84.589,202102,1194.01
"140,000",151.17,202102,926.11
"140,000",151.17,202102,926.11
"99,000",114.752,202102,862.73
"75,000",59.65,202102,1257.33
"89,000",84.843,202102,1049
"62,500",59.88,202102,1043.75
"75,000",84.78,202102,884.64
"82,800",84.14,202102,984.07
"56,800",52.9,202102,1073.72
"58,800",52.58,202102,1118.3
"83,800",84.91,202102,986.93
"56,000",52.58,202102,1065.04
"94,000",84.589,202102,1111.26
"86,500",84.54,202102,1023.18
"63,400",59.88,202102,1058.78
"150,000",189.07,202102,793.36
"85,900",84.843,202102,1012.46
"64,500",59.88,202102,1077.15
"56,800",52.9,202102,1073.72
"78,400",59.855,202102,1309.83
"120,000",133.74,202102,897.26
"64,000",84.69,202102,755.7
"77,000",59.65,202102,1290.86
"84,000",84.843,202102,990.06
"62,600",52.61,202102,1189.89
"114,000",114.61,202102,994.68
"59,500",84.69,202102,702.56
"70,500",66.48,202102,1060.47
"75,000",84.97,202102,882.66
"65,500",59.95,202102,1092.58
"83,500",114.66,202102,728.24
"65,500",59.95,202102,1092.58
"63,200",59.95,202102,1054.21
"40,700",69.95,202102,581.84
"63,000",114.73,202102,549.12
"65,000",84.843,202102,766.12
"92,500",59.92,202102,1543.72
"83,000",59.988,202102,1383.61
"90,800",84.843,202102,1070.21
"118,000",122.021,202102,967.05
"100,000",59.99,202102,1666.94
"71,000",59.98,202102,1183.73
"11,500",15.2144,202102,755.86
"54,700",84.69,202102,645.88
"12,000",14.7145,202102,815.52
"99,000",103.526,202102,956.28
"65,800",54.55,202102,1206.23
"74,500",59.97,202102,1242.29
"94,700",114.84,202102,824.63
"94,700",114.84,202102,824.63
"73,800",59.97,202102,1230.62
"86,000",84.95,202102,1012.36
"103,500",59.98,202102,1725.58
"60,000",59.97,202102,1000.5
"84,000",84.92,202102,989.17
"125,000",84.97,202102,1471.11
"50,000",84.72,202102,590.18
"104,500",59.98,202102,1742.25
"91,500",84.9,202102,1077.74
"66,000",54.55,202102,1209.9
"75,000",59.97,202102,1250.63
"90,500",84.84,202102,1066.71
"17,200",37.36,202103,460.39
"68,900",68.13,202103,1011.3
"86,000",84.59,202103,1016.67
"110,000",114.89,202103,957.44
"70,500",68.13,202103,1034.79
"83,000",84.817,202103,978.58
"72,500",84.68,202103,856.16
"68,000",59.4,202103,1144.78
"85,000",84.87,202103,1001.53
"94,000",132.96,202103,706.98
"62,500",59.58,202103,1049.01
"94,500",114.66,202103,824.18
"61,000",59.58,202103,1023.83
"98,000",114.66,202103,854.7
"85,000",59.99,202103,1416.9
"84,100",59.99,202103,1401.9
"69,000",68.13,202103,1012.77
"89,500",84.59,202103,1058.04
"83,500",84.87,202103,983.86
"57,000",59.58,202103,956.7
"60,600",59.58,202103,1017.12
"50,400",41.58,202103,1212.12
"70,000",59.4,202103,1178.45
"69,800",68.13,202103,1024.51
"83,300",84.87,202103,981.5
"100,000",114.89,202103,870.4
"114,500",132.96,202103,861.16
"89,000",59.9342,202103,1484.96
"93,000",59.9342,202103,1551.7
"82,500",84.87,202103,972.07
"68,500",68.13,202103,1005.43
"70,000",84.87,202103,824.79
"20,800",14.022,202103,1483.38
"20,800",14.093,202103,1475.91
"97,500",84.958,202103,1147.63
"31,000",69.84,202103,443.87
"77,000",59.91,202103,1285.26
"79,500",56.83,202103,1398.91
"94,500",84.83,202103,1113.99
"116,000",114.65,202103,1011.77
"87,000",84.83,202103,1025.58
"97,500",59.96,202103,1626.08
"60,000",68.03,202103,881.96
"79,000",59.6983,202103,1323.32
"115,000",114.926,202103,1000.64
"25,000",47.7,202103,524.11
"30,000",47.87,202103,626.7
"25,000",44.4,202103,563.06
"19,800",52.1,202103,380.04
"84,500",45.81,202103,1844.58
"64,500",78.57,202103,820.92
"97,500",84.3,202103,1156.58
"101,500",84.774,202103,1197.3
"95,000",59.65,202103,1592.62
"121,800",114.55,202103,1063.29
"79,600",85,202103,936.47
"61,000",59.42,202103,1026.59
"68,800",59.77,202103,1151.08
"70,000",84.44,202103,828.99
"80,000",114.76,202103,697.11
"67,400",59.77,202103,1127.66
"72,500",114.84,202103,631.31
"78,000",59.63,202103,1308.07
"74,000",59.98,202103,1233.74
"72,500",84.09,202103,862.17
"80,000",114.75,202103,697.17
"66,900",59.77,202103,1119.29
"83,000",85,202103,976.47
"63,700",60,202103,1061.67
"56,000",59.88,202103,935.2
"70,800",84.09,202103,841.96
"70,800",84.09,202103,841.96
"58,800",59.9,202103,981.64
"32,800",43.11,202103,760.84
"58,500",59.88,202103,976.95
"77,900",84.09,202103,926.39
"79,700",85,202103,937.65
"65,000",59.98,202103,1083.69
"76,900",84.6824,202103,908.1
"66,000",59.59,202103,1107.57
"69,900",59.77,202103,1169.48
"40,800",59.26,202103,688.49
"48,800",71.5,202103,682.52
"82,000",84.92,202103,965.61
"75,900",84.915,202103,893.84
"59,000",59.42,202103,992.93
"68,000",59.94,202103,1134.47
"66,000",59.59,202103,1107.57
"92,000",84.4,202103,1090.05
"70,000",59.77,202103,1171.16
"71,000",84.09,202103,844.33
"59,000",59.42,202103,992.93
"87,000",84.09,202103,1034.61
"78,000",114.75,202103,679.74
"57,000",59.88,202103,951.9
"78,000",114.75,202103,679.74
"73,500",84.98,202103,864.91
"80,700",85,202103,949.41
"31,500",43.11,202103,730.69
"72,500",84.99,202103,853.04
"57,300",59.88,202103,956.91
"80,000",85,202103,941.18
"69,000",59.77,202103,1154.43
"74,800",84.98,202103,880.21
"87,000",84.56,202103,1028.86
"77,800",85,202103,915.29
"76,700",84.09,202103,912.12
"62,400",60,202103,1040
"89,000",114.56,202103,776.89
"91,000",84.97,202103,1070.97
"75,000",84.52,202103,887.36
"135,000",114.98,202103,1174.12
"91,500",59.99,202103,1525.25
"121,000",59.99,202103,2017
"115,500",59.9,202103,1928.21
"96,500",59.99,202103,1608.6
"140,000",114.98,202103,1217.6
"140,000",114.98,202103,1217.6
"104,700",84.96,202103,1232.34
"118,000",59.99,202103,1966.99
"128,000",84.95,202103,1506.77
"128,000",84.95,202103,1506.77
"140,000",114.98,202103,1217.6
"96,000",59.373,202103,1616.9
"87,500",59.75,202103,1464.44
"84,000",59.97,202103,1400.7
"96,100",84.97,202103,1130.99
"76,000",59.998,202103,1266.71
"119,000",59.99,202103,1983.66
"94,800",84.97,202103,1115.69
"89,800",84.97,202103,1056.84
"72,000",59.998,202103,1200.04
"89,800",59.99,202103,1496.92
"120,000",84.049,202103,1427.74
"100,500",59.373,202103,1692.69
"113,500",84.64,202103,1340.97
"91,000",84.844,202103,1072.56
"89,700",84.97,202103,1055.67
"94,500",84.97,202103,1112.16
"94,800",84.97,202103,1115.69
"97,000",84.844,202103,1143.27
"97,300",59.99,202103,1621.94
"111,000",114.912,202103,965.96
"115,500",59.97,202103,1925.96
"103,000",84.97,202103,1212.19
"200,000",109.98,202103,1818.51
"115,500",59.69,202103,1935
"107,000",114.912,202103,931.15
"80,000",59.998,202103,1333.38
"115,500",59.97,202103,1925.96
"84,000",59.99,202103,1400.23
"81,750",59.99,202103,1362.73
"118,500",114.99,202103,1030.52
"114,000",84.98,202103,1341.49
"48,000",59.17,202103,811.22
"87,500",59.97,202103,1459.06
"101,500",84.73,202103,1197.92
"41,500",86.46,202103,479.99
"116,000",84.99,202103,1364.87
"103,500",114.98,202103,900.16
"130,000",114.99,202103,1130.53
"76,000",55.27,202103,1375.07
"76,000",55.27,202103,1375.07
"97,000",84.73,202103,1144.81
"97,000",84.73,202103,1144.81
"83,000",59.98,202103,1383.79
"87,500",59.98,202103,1458.82
"100,000",84.95,202103,1177.16
"78,500",84.98,202103,923.75
"99,000",84.95,202103,1165.39
"100,000",114.752,202103,871.44
"108,000",84.589,202103,1276.76
"77,800",59.65,202103,1304.27
"71,000",79.248,202103,895.92
"56,800",52.9,202103,1073.72
"64,500",59.88,202103,1077.15
"80,700",59.65,202103,1352.89
"63,000",59.88,202103,1052.1
"107,800",84.88,202103,1270.03
"10,500",15.62,202103,672.22
"62,500",84.69,202103,737.99
"56,800",54.14,202103,1049.13
"85,000",59.754,202103,1422.5
"109,000",84.589,202103,1288.58
"56,800",52.9,202103,1073.72
"91,000",84.992,202103,1070.69
"79,500",59.65,202103,1332.77
"125,000",126.6,202103,987.36
"79,500",59.65,202103,1332.77
"75,000",59.855,202103,1253.03
"59,000",59.88,202103,985.3
"83,000",84.97,202103,976.82
"83,000",84.97,202103,976.82
"80,000",84.97,202103,941.51
"69,000",59.95,202103,1150.96
"61,000",59.95,202103,1017.51
"64,000",59.95,202103,1067.56
"68,000",59.95,202103,1134.28
"64,500",59.95,202103,1075.9
"84,000",84.97,202103,988.58
"127,000",84.98,202103,1494.47
"110,000",84.48,202103,1302.08
"149,500",101.72,202103,1469.72
"51,000",59.98,202103,850.28
"90,500",101.72,202103,889.7
"149,000",101.72,202103,1464.81
"49,000",84.69,202103,578.58
"95,000",84.843,202103,1119.72
"97,500",84.843,202103,1149.18
"104,500",59.99,202103,1741.96
"83,000",84.98,202103,976.7
"80,500",84.98,202103,947.28
"65,000",59.94,202103,1084.42
"73,700",59.97,202103,1228.95
"76,500",59.97,202103,1275.64
"92,500",84.95,202103,1088.88
"75,000",59.97,202103,1250.63
"105,500",59.98,202103,1758.92
"67,800",54.55,202103,1242.9
"76,700",59.97,202103,1278.97
"54,300",59.79,202103,908.18
"75,800",59.97,202103,1263.97
"18,000",37.36,202104,481.8
"62,500",59.58,202104,1049.01
"114,000",114.89,202104,992.25
"49,000",41.58,202104,1178.45
"60,000",59.58,202104,1007.05
"88,900",84.87,202104,1047.48
"80,000",84.59,202104,945.74
"85,450",84.87,202104,1006.83
"85,450",84.87,202104,1006.83
"50,000",84.72,202104,590.18
"94,000",132.96,202104,706.98
"65,500",68.13,202104,961.4
"42,000",51.47,202104,816.01
"59,000",59.58,202104,990.27
"70,500",68.13,202104,1034.79
"109,000",132.96,202104,819.8
"70,500",68.13,202104,1034.79
"60,000",59.58,202104,1007.05
"81,000",84.87,202104,954.4
"84,000",84.817,202104,990.37
"68,900",59.79,202104,1152.37
"62,000",59.58,202104,1040.62
"40,000",51.47,202104,777.15
"84,000",84.87,202104,989.75
"115,000",84.869,202104,1355.03
"65,000",84.87,202104,765.88
"58,000",59.64,202104,972.5
"63,900",59.58,202104,1072.51
"59,500",59.58,202104,998.66
"80,000",84.87,202104,942.62
"94,500",80.54,202104,1173.33
"85,000",84.87,202104,1001.53
"64,700",59.58,202104,1085.93
"73,000",68.13,202104,1071.48
"94,800",114.66,202104,826.79
"56,279",59.58,202104,944.6
"70,800",68.13,202104,1039.19
"89,800",84.59,202104,1061.59
"61,400",59.58,202104,1030.55
"98,000",114.66,202104,854.7
"91,000",84.87,202104,1072.23
"86,000",84.87,202104,1013.31
"71,000",68.76,202104,1032.58
"21,000",14.093,202104,1490.1
"79,000",59.91,202104,1318.64
"79,000",56.83,202104,1390.11
"92,000",84.83,202104,1084.52
"92,000",84.82,202104,1084.65
"41,000",84.96,202104,482.58
"55,000",84.9,202104,647.82
"96,500",59.97,202104,1609.14
"93,000",59.96,202104,1551.03
"144,000",116.86,202104,1232.24
"74,000",84.46,202104,876.15
"30,800",56.96,202104,540.73
"28,000",54.88,202104,510.2
"53,000",83.52,202104,634.58
"104,000",59.81,202104,1738.84
"80,000",45.81,202104,1746.34
"99,800",59.81,202104,1668.62
"78,700",59.37,202104,1325.59
"71,000",59.8188,202104,1186.92
"57,500",59.88,202104,960.25
"35,000",43.11,202104,811.88
"78,000",84.6824,202104,921.09
"72,000",84.44,202104,852.68
"90,000",84.92,202104,1059.82
"60,000",59.9,202104,1001.67
"82,000",84.65,202104,968.69
"36,500",43.11,202104,846.67
"71,250",84.98,202104,838.43
"60,000",59.4,202104,1010.1
"57,500",59.88,202104,960.25
"67,000",59.98,202104,1117.04
"51,500",59.98,202104,858.62
"57,500",59.88,202104,960.25
"78,500",114.75,202104,684.1
"56,200",59.94,202104,937.6
"62,000",59.42,202104,1043.42
"58,500",59.42,202104,984.52
"84,500",114.63,202104,737.15
"91,900",84.09,202104,1092.88
"77,000",85,202104,905.88
"74,000",84.96,202104,871
"62,800",59.9,202104,1048.41
"59,600",59.88,202104,995.32
"64,500",59.94,202104,1076.08
"79,500",84.88,202104,936.62
"55,500",59.94,202104,925.93
"61,800",59.9,202104,1031.72
"68,000",59.77,202104,1137.69
"80,000",59.37,202104,1347.48
"80,500",85,202104,947.06
"34,250",43.11,202104,794.48
"72,300",84.92,202104,851.39
"90,000",59.9,202104,1502.5
"117,800",59.97,202104,1964.32
"81,500",59.998,202104,1358.38
"110,000",84.96,202104,1294.73
"93,000",84.97,202104,1094.5
"93,800",59.92,202104,1565.42
"120,000",84.82,202104,1414.76
"110,000",84.99,202104,1294.27
"120,000",114.912,202104,1044.28
"95,000",84.97,202104,1118.04
"140,000",114.99,202104,1217.5
"100,000",84.96,202104,1177.02
"110,000",59.97,202104,1834.25
"82,000",59.998,202104,1366.71
"119,500",84.99,202104,1406.05
"97,500",84.97,202104,1147.46
"94,000",84.844,202104,1107.92
"85,000",59.99,202104,1416.9
"100,000",84.96,202104,1177.02
"96,000",59.9284,202104,1601.91
"114,000",59.97,202104,1900.95
"65,000",59.94,202104,1084.42
"117,500",59.99,202104,1958.66
"89,000",114.912,202104,774.51
"113,000",59.97,202104,1884.28
"110,000",84.96,202104,1294.73
"110,000",84.932,202104,1295.15
"98,800",59.96,202104,1647.77
"96,000",59.99,202104,1600.27
"150,000",84.66,202104,1771.79
"140,000",114.98,202104,1217.6
"90,700",59.98,202104,1512.17
"122,000",84.95,202104,1436.14
"74,300",59.86,202104,1241.23
"86,500",84.72,202104,1021.01
"81,500",59.675,202104,1365.73
"123,000",114.99,202104,1069.66
"68,500",59.67,202104,1147.98
"90,000",59.92,202104,1502
"66,000",59.67,202104,1106.08
"88,650",84.72,202104,1046.39
"106,500",84.73,202104,1256.93
"80,000",84.98,202104,941.4
"11,800",15.54,202104,759.33
"10,250",15.62,202104,656.21
"57,800",52.9,202104,1092.63
"69,000",79.248,202104,870.68
"77,000",59.855,202104,1286.44
"116,000",114.93,202104,1009.31
"116,000",114.93,202104,1009.31
"64,800",84.69,202104,765.14
"105,000",114.88,202104,914
"104,500",84.88,202104,1231.15
"58,800",52.58,202104,1118.3
"124,000",133.74,202104,927.17
"86,750",84.843,202104,1022.48
"73,000",66.61,202104,1095.93
"57,700",59.97,202104,962.15
"77,500",59.855,202104,1294.8
"60,000",52.9,202104,1134.22
"92,000",84.843,202104,1084.36
"105,000",84.88,202104,1237.04
"88,000",59.754,202104,1472.7
"73,000",67.44,202104,1082.44
"11,200",15.62,202104,717.03
"73,000",67.44,202104,1082.44
"55,000",72.43,202104,759.35
"74,500",59.855,202104,1244.67
"115,000",126.6,202104,908.37
"57,000",56.97,202104,1000.53
"93,000",114.66,202104,811.09
"93,000",114.66,202104,811.09
"65,500",59.95,202104,1092.58
"84,500",84.97,202104,994.47
"84,500",84.97,202104,994.47
"50,000",59.98,202104,833.61
"71,500",59.97,202104,1192.26
"53,000",59.98,202104,883.63
"80,500",84.98,202104,947.28
"12,900",14.7145,202104,876.69
"99,000",59.98,202104,1650.55
"90,500",84.9,202104,1065.96
"96,000",84.84,202104,1131.54
"55,500",59.79,202104,928.25
"78,000",59.97,202104,1300.65
"96,000",84.9,202104,1130.74
"24,700",48.73,202105,506.87
"22,500",16.27,202105,1382.91
"69,500",68.13,202105,1020.11
"82,300",84.87,202105,969.72
"59,900",59.79,202105,1001.84
"85,500",84.87,202105,1007.42
"90,000",84.92,202105,1059.82
"64,500",59.58,202105,1082.58
"63,500",59.58,202105,1065.79
"69,000",59.79,202105,1154.04
"101,000",132.96,202105,759.63
"82,000",84.817,202105,966.79
"82,000",84.817,202105,966.79
"84,800",84.87,202105,999.18
"67,500",68.13,202105,990.75
"65,000",59.58,202105,1090.97
"130,000",119.56,202105,1087.32
"77,000",59.8616,202105,1286.3
"67,800",68.13,202105,995.16
"83,700",84.87,202105,986.21
"62,500",59.58,202105,1049.01
"85,000",59.99,202105,1416.9
"65,900",59.58,202105,1106.08
"104,500",113.67,202105,919.33
"80,000",59.38,202105,1347.25
"89,800",84.59,202105,1061.59
"92,500",113.67,202105,813.76
"61,000",59.58,202105,1023.83
"63,300",59.58,202105,1062.44
"90,000",132.96,202105,676.9
"86,500",84.87,202105,1019.21
"85,000",84.87,202105,1001.53
"85,000",84.87,202105,1001.53
"82,900",84.817,202105,977.4
"65,000",59.58,202105,1090.97
"87,800",84.817,202105,1035.17
"85,000",84.59,202105,1004.85
"69,500",59.4,202105,1170.03
"63,300",59.64,202105,1061.37
"65,000",59.58,202105,1090.97
"82,500",84.817,202105,972.68
"84,500",84.87,202105,995.64
"83,800",84.87,202105,987.39
"63,000",58.59,202105,1075.27
"66,500",84.59,202105,786.14
"117,000",84.96,202105,1377.12
"115,000",114.97,202105,1000.26
"94,700",84.83,202105,1116.35
"84,500",59.95,202105,1409.51
"93,000",84.83,202105,1096.31
"73,000",59.94,202105,1217.88
"93,000",84.8681,202105,1095.82
"98,500",84.8681,202105,1160.62
"80,500",84.8681,202105,948.53
"21,000",56.96,202105,368.68
"29,500",64.63,202105,456.44
"102,000",59.81,202105,1705.4
"105,000",59.81,202105,1755.56
"85,000",45.81,202105,1855.49
"73,000",84.9,202105,859.84
"129,000",84.99,202105,1517.83
"85,000",59.49,202105,1428.81
"56,500",59.9,202105,943.24
"105,000",114.35,202105,918.23
"73,000",84.92,202105,859.63
"83,500",84.89,202105,983.63
"55,000",59.9,202105,918.2
"35,000",82.69,202105,423.27
"48,000",59.98,202105,800.27
"71,300",59.77,202105,1192.91
"59,700",50.45,202105,1183.35
"58,500",59.88,202105,976.95
"40,000",52.89,202105,756.29
"77,500",59.98,202105,1292.1
"59,000",59.42,202105,992.93
"110,000",109.06,202105,1008.62
"82,000",85,202105,964.71
"69,000",59.77,202105,1154.43
"62,000",60,202105,1033.33
"62,000",60,202105,1033.33
"58,700",59.42,202105,987.88
"49,700",71.5,202105,695.1
"34,500",83.67,202105,412.33
"55,900",59.88,202105,933.53
"62,000",59.9,202105,1035.06
"71,000",84.09,202105,844.33
"70,000",84.09,202105,832.44
"38,000",43.11,202105,881.47
"74,500",59.98,202105,1242.08
"59,000",59.88,202105,985.3
"70,900",84.09,202105,843.14
"69,000",59.77,202105,1154.43
"95,000",84.09,202105,1129.74
"71,000",84.96,202105,835.69
"73,000",59.77,202105,1221.35
"83,500",114.63,202105,728.43
"72,500",59.77,202105,1212.98
"70,500",59.98,202105,1175.39
"75,800",84.95,202105,892.29
"69,700",114.96,202105,606.3
"79,000",85,202105,929.41
"62,000",60,202105,1033.33
"58,500",59.88,202105,976.95
"80,500",59.37,202105,1355.9
"84,800",84.307,202105,1005.85
"38,500",43.11,202105,893.06
"50,500",46.65,202105,1082.53
"74,500",84.99,202105,876.57
"37,200",52.89,202105,703.35
"52,600",46.65,202105,1127.55
"74,000",84.96,202105,871
"84,000",84.6824,202105,991.94
"81,000",59.37,202105,1364.33
"60,000",59.94,202105,1001
"75,000",84.95,202105,882.87
"58,500",59.88,202105,976.95
"57,000",59.88,202105,951.9
"57,700",59.88,202105,963.59
"71,500",84.09,202105,850.28
"64,500",60,202105,1075
"81,200",59.998,202105,1353.38
"125,000",59.9,202105,2086.81
"103,000",84.64,202105,1216.92
"107,000",114.73,202105,932.62
"114,500",59.97,202105,1909.29
"98,500",59.96,202105,1642.76
"91,800",59.99,202105,1530.26
"149,700",114.86,202105,1303.33
"110,000",84.96,202105,1294.73
"121,500",84.96,202105,1430.08
"96,500",59.373,202105,1625.32
"88,000",59.99,202105,1466.91
"155,000",84.9,202105,1825.68
"97,000",59.98,202105,1617.21
"81,000",59.97,202105,1350.68
"128,000",114.93,202105,1113.72
"82,300",59.998,202105,1371.71
"108,500",84.64,202105,1281.9
"70,000",59.94,202105,1167.83
"137,000",114.98,202105,1191.51
"157,500",114.91,202105,1370.64
"66,700",59.94,202105,1112.78
"97,500",84.96,202105,1147.6
"115,000",59.97,202105,1917.63
"96,300",59.99,202105,1605.27
"154,000",84.9,202105,1813.9
"75,000",84.13,202105,891.48
"68,000",59.94,202105,1134.47
"85,500",59.99,202105,1425.24
"75,000",84.049,202105,892.34
"80,000",84.13,202105,950.91
"140,000",84.99,202105,1647.25
"79,300",59.99,202105,1321.89
"119,000",84.96,202105,1400.66
"145,000",114.98,202105,1261.09
"121,000",84.049,202105,1439.64
"54,300",68.14,202105,796.89
"97,500",84.97,202105,1147.46
"32,000",52.56,202105,608.83
"80,900",59.675,202105,1355.68
"86,500",59.99,202105,1441.91
"80,000",84.99,202105,941.29
"86,050",84.72,202105,1015.7
"110,000",84.98,202105,1294.42
"81,500",59.675,202105,1365.73
"73,000",59.86,202105,1219.51
"83,500",59.99,202105,1391.9
"123,500",84.99,202105,1453.11
"108,500",84.98,202105,1276.77
"69,500",75.5,202105,920.53
"86,000",59.99,202105,1433.57
"83,000",84.98,202105,976.7
"73,000",59.04,202105,1236.45
"90,800",59.92,202105,1515.35
"118,000",114.698,202105,1028.79
"84,500",84.98,202105,994.35
"120,000",84.99,202105,1411.93
"93,200",114.75,202105,812.2
"88,000",84.72,202105,1038.72
"75,000",59.86,202105,1252.92
"90,300",84.843,202105,1064.32
"122,000",133.74,202105,912.22
"70,000",84.78,202105,825.67
"12,000",15.62,202105,768.25
"59,700",59.88,202105,996.99
"79,000",59.65,202105,1324.39
"73,000",79.248,202105,921.16
"85,000",84.78,202105,1002.59
"129,000",133.74,202105,964.56
"66,200",59.88,202105,1105.54
"64,500",59.88,202105,1077.15
"74,500",59.855,202105,1244.67
"79,000",59.855,202105,1319.86
"64,900",59.88,202105,1083.83
"64,500",59.88,202105,1077.15
"163,000",178.84,202105,911.43
"77,000",59.855,202105,1286.44
"74,500",59.855,202105,1244.67
"79,000",59.855,202105,1319.86
"102,500",106.28,202105,964.43
"105,000",84.88,202105,1237.04
"86,000",84.91,202105,1012.84
"56,000",56.97,202105,982.97
"54,500",84.06,202105,648.35
"56,800",56.97,202105,997.02
"80,000",59.855,202105,1336.56
"84,000",84.69,202105,991.85
"64,000",59.88,202105,1068.8
"68,800",59.88,202105,1148.96
"66,600",59.88,202105,1112.22
"59,500",59.97,202105,992.16
"98,000",101.97,202105,961.07
"86,000",84.91,202105,1012.84
"67,000",59.95,202105,1117.6
"83,500",84.97,202105,982.7
"66,200",59.95,202105,1104.25
"54,000",59.64,202105,905.43
"67,500",84.51,202105,798.72
"82,800",84.98,202105,974.35
"81,000",84.98,202105,953.17
"83,000",84.98,202105,976.7
"83,000",84.98,202105,976.7
"103,000",59.99,202105,1716.95
"93,800",59.5,202105,1576.47
"83,500",59.988,202105,1391.95
"12,000",14.7145,202105,815.52
"102,000",59.5,202105,1714.29
"90,700",84.9,202105,1068.32
"89,999",114.84,202105,783.69
"81,900",59.9,202105,1367.28
"123,000",84.97,202105,1447.57
"89,000",84.9,202105,1048.29
"103,300",59.98,202105,1722.24
"78,000",59.97,202105,1300.65
"55,000",59.79,202105,919.89
"78,000",59.97,202105,1300.65
"54,500",59.79,202105,911.52
"110,000",134.97,202105,815
"93,000",84.9,202105,1095.41
"75,000",59.97,202105,1250.63
"130,000",164.92,202105,788.26
"59,500",84.72,202105,702.31
"89,000",84.98,202106,1047.31
"76,000",84.68,202106,897.5
"108,000",132.96,202106,812.27
"65,000",84.87,202106,765.88
"84,000",84.87,202106,989.75
"103,000",132.96,202106,774.67
"104,000",117.16,202106,887.67
"88,300",59.99,202106,1471.91
"65,000",56.7,202106,1146.38
"70,800",59.4,202106,1191.92
"89,800",84.59,202106,1061.59
"92,000",84.87,202106,1084.01
"118,000",84.8778,202106,1390.23
"62,800",59.58,202106,1054.04
"62,800",59.58,202106,1054.04
"109,800",114.66,202106,957.61
"73,500",68.76,202106,1068.94
"86,200",84.817,202106,1016.31
"84,800",59.99,202106,1413.57
"107,000",117.16,202106,913.28
"104,500",113.67,202106,919.33
"87,900",84.98,202106,1034.36
"71,800",59.4,202106,1208.75
"97,000",114.66,202106,845.98
"91,000",115.93,202106,784.96
"40,000",71.49,202106,559.52
"72,000",59.4,202106,1212.12
"117,000",143.51,202106,815.27
"102,800",84.97,202106,1209.84
"71,500",59.4,202106,1203.7
"59,000",59.64,202106,989.27
"68,500",59.58,202106,1149.71
"68,500",59.58,202106,1149.71
"53,750",41.58,202106,1292.69
"86,000",84.87,202106,1013.31
"118,000",114.89,202106,1027.07
"84,500",59.99,202106,1408.57
"105,000",113.67,202106,923.73
"85,000",84.87,202106,1001.53
"96,800",80.54,202106,1201.89
"62,000",58.59,202106,1058.2
"101,000",111.55,202106,905.42
"63,000",58.59,202106,1075.27
"64,700",58.59,202106,1104.28
"82,200",59.91,202106,1372.06
"84,900",59.91,202106,1417.13
"92,000",84.83,202106,1084.52
"92,000",84.83,202106,1084.52
"79,800",56.83,202106,1404.19
"79,800",56.83,202106,1404.19
"56,500",84.94,202106,665.18
"100,000",59.96,202106,1667.78
"72,300",59.94,202106,1206.21
"72,500",59.94,202106,1209.54
"72,000",59.94,202106,1201.2
"72,500",59.94,202106,1209.54
"31,500",54.31,202106,580
"30,000",58.45,202106,513.26
"113,000",84.99,202106,1329.57
"105,000",59.81,202106,1755.56
"70,000",84.9,202106,824.5
"69,000",84.9,202106,812.72
"88,000",59.65,202106,1475.27
"71,100",84.44,202106,842.02
"35,000",52.89,202106,661.75
"80,000",85,202106,941.18
"57,700",59.88,202106,963.59
"72,000",84.49,202106,852.17
"54,000",59.98,202106,900.3
"62,000",59.4,202106,1043.77
"71,000",84.44,202106,840.83
"76,800",84.88,202106,904.81
"77,700",59.63,202106,1303.04
"64,800",59.59,202106,1087.43
"89,900",84.56,202106,1063.15
"90,500",84.09,202106,1076.23
"71,000",84.96,202106,835.69
"72,000",84.96,202106,847.46
"59,500",59.9,202106,993.32
"34,500",43.11,202106,800.28
"83,500",59.63,202106,1400.3
"83,500",59.63,202106,1400.3
"73,000",84.09,202106,868.12
"73,000",84.09,202106,868.12
"72,500",84.96,202106,853.34
"74,000",59.77,202106,1238.08
"56,900",59.88,202106,950.23
"88,000",84.65,202106,1039.57
"65,000",84.99,202106,764.8
"71,000",84.09,202106,844.33
"57,950",59.94,202106,966.8
"74,000",59.63,202106,1240.99
"57,950",59.94,202106,966.8
"65,000",59.59,202106,1090.79
"78,500",59.37,202106,1322.22
"68,000",59.94,202106,1134.47
"78,000",84.98,202106,917.86
"55,000",59.88,202106,918.5
"62,000",59.9,202106,1035.06
"60,000",50.45,202106,1189.3
"71,500",84.96,202106,841.57
"35,000",82.69,202106,423.27
"75,000",114.96,202106,652.4
"95,000",84.56,202106,1123.46
"60,000",59.88,202106,1002
"64,000",59.42,202106,1077.08
"62,800",59.94,202106,1047.71
"62,900",59.4,202106,1058.92
"58,200",50.45,202106,1153.62
"73,000",84.96,202106,859.23
"52,800",46.65,202106,1131.83
"74,000",84.99,202106,870.69
"89,800",109.27,202106,821.82
"39,000",43.11,202106,904.66
"36,700",43.11,202106,851.31
"84,700",84.89,202106,997.76
"64,000",59.9627,202106,1067.33
"77,000",114.75,202106,671.02
"67,500",59.59,202106,1132.74
"67,500",59.59,202106,1132.74
"67,700",59.99,202106,1128.52
"68,500",84.83,202106,807.5
"54,900",59.88,202106,916.83
"58,800",59.98,202106,980.33
"79,000",84.96,202106,929.85
"85,000",59.99,202106,1416.9
"95,000",59.98,202106,1583.86
"86,500",59.99,202106,1441.91
"90,000",59.75,202106,1506.28
"82,500",59.998,202106,1375.05
"146,900",114.98,202106,1277.61
"113,000",59.9,202106,1886.48
"66,600",59.94,202106,1111.11
"116,000",84.99,202106,1364.87
"85,000",59.97,202106,1417.38
"70,000",59.94,202106,1167.83
"77,900",59.97,202106,1298.98
"84,900",59.998,202106,1415.05
"104,000",59.99,202106,1733.62
"100,000",84.96,202106,1177.02
"125,000",114.88,202106,1088.09
"91,000",59.92,202106,1518.69
"69,000",59.94,202106,1151.15
"87,500",59.998,202106,1458.38
"119,500",59.97,202106,1992.66
"86,000",59.99,202106,1433.57
"122,000",84.82,202106,1438.34
"90,500",84.844,202106,1066.66
"116,000",59.99,202106,1933.66
"119,200",59.97,202106,1987.66
"66,500",59.94,202106,1109.44
"77,500",59.77,202106,1296.64
"130,000",114.93,202106,1131.12
"91,000",84.844,202106,1072.56
"113,500",84.94,202106,1336.24
"99,000",84.844,202106,1166.85
"153,000",84.95,202106,1801.06
"85,500",59.99,202106,1425.24
"117,700",84.96,202106,1385.36
"92,500",84.844,202106,1090.24
"99,700",84.844,202106,1175.1
"125,000",59.9,202106,2086.81
"87,500",59.99,202106,1458.58
"83,000",84.13,202106,986.57
"93,800",84.97,202106,1103.92
"84,700",59.998,202106,1411.71
"98,000",59.98,202106,1633.88
"75,000",59.99,202106,1250.21
"145,000",114.98,202106,1261.09
"96,000",114.75,202106,836.6
"84,000",84.54,202106,993.61
"39,000",65.46,202106,595.78
"88,200",59.98,202106,1470.49
"84,300",84.72,202106,995.04
"103,000",114.75,202106,897.6
"92,600",59.97,202106,1544.11
"77,500",59.86,202106,1294.69
"91,500",114.75,202106,797.39
"82,000",59.73,202106,1372.84
"89,800",59.92,202106,1498.66
"69,300",59.67,202106,1161.39
"102,500",84.99,202106,1206.02
"68,500",59.67,202106,1147.98
"106,000",84.98,202106,1247.35
"67,700",59.88,202106,1130.59
"136,000",114.93,202106,1183.33
"108,000",114.752,202106,941.16
"80,000",84.7,202106,944.51
"81,000",59.855,202106,1353.27
"138,000",133.74,202106,1031.85
"89,500",84.14,202106,1063.7
"79,000",59.855,202106,1319.86
"68,000",66.48,202106,1022.86
"100,000",84.88,202106,1178.13
"69,000",59.88,202106,1152.3
"77,700",59.855,202106,1298.14
"79,000",59.855,202106,1319.86
"89,500",59.98,202106,1492.16
"91,500",84.843,202106,1078.46
"80,000",59.855,202106,1336.56
"86,000",59.754,202106,1439.23
"107,700",84.88,202106,1268.85
"86,000",59.754,202106,1439.23
"77,900",59.65,202106,1305.95
"71,500",84.69,202106,844.26
"63,800",59.95,202106,1064.22
"54,500",59.64,202106,913.82
"85,000",114.66,202106,741.32
"54,500",59.64,202106,913.82
"122,000",122.021,202106,999.83
"110,000",59.99,202106,1833.64
"98,500",84.843,202106,1160.97
"85,500",59.988,202106,1425.29
"78,000",114.73,202106,679.86
"80,005",59.988,202106,1333.68
"86,000",59.988,202106,1433.62
"121,500",84.97,202106,1429.92
"97,700",84.843,202106,1151.54
"94,500",59.92,202106,1577.1
"100,000",84.843,202106,1178.65
"130,000",84.97,202106,1529.95
"90,000",84.843,202106,1060.78
"99,000",84.843,202106,1166.86
"85,000",84.98,202106,1000.24
"77,000",59.97,202106,1283.98
"120,000",84.97,202106,1412.26
"123,000",84.98,202106,1447.4
"71,000",54.55,202106,1301.56
"78,000",59.9,202106,1302.17
"49,500",59.82,202106,827.48
"104,000",59.96,202106,1734.49
"91,000",84.9,202106,1071.85
"91,000",84.9,202106,1071.85
"79,800",84.85,202106,940.48
"72,900",59.4,202107,1227.27
"82,500",84.94,202107,971.27
"90,000",84.92,202107,1059.82
"82,000",84.817,202107,966.79
"86,800",59.99,202107,1446.91
"87,000",59.99,202107,1450.24
"19,000",35.17,202107,540.23
"83,000",84.817,202107,978.58
"93,900",114.66,202107,818.94
"65,200",59.58,202107,1094.33
"67,700",59.4,202107,1139.73
"75,000",68.13,202107,1100.84
"91,300",84.98,202107,1074.37
"87,800",84.817,202107,1035.17
"67,500",59.58,202107,1132.93
"62,000",59.58,202107,1040.62
"87,000",84.87,202107,1025.1
"89,000",84.87,202107,1048.66
"74,000",68.13,202107,1086.16
"87,800",84.817,202107,1035.17
"69,500",84.72,202107,820.35
"68,500",84.72,202107,808.55
"87,000",84.87,202107,1025.1
"89,900",84.59,202107,1062.77
"68,500",59.58,202107,1149.71
"75,500",68.13,202107,1108.18
"95,000",113.67,202107,835.75
"65,000",56.7,202107,1146.38
"83,000",84.39,202107,983.53
"90,500",59.8616,202107,1511.82
"125,000",132.96,202107,940.13
"126,000",132.43,202107,951.45
"118,000",152.25,202107,775.04
"110,000",115.51,202107,952.3
"72,700",68.13,202107,1067.08
"107,000",84.8,202107,1261.79
"68,200",59.58,202107,1144.68
"65,000",59.64,202107,1089.87
"92,000",59.8616,202107,1536.88
"65,000",58.59,202107,1109.4
"64,900",58.59,202107,1107.7
"67,000",58.59,202107,1143.54
"96,000",84.849,202107,1131.42
"79,400",56.83,202107,1397.15
"132,000",84.95,202107,1553.86
"84,500",113.02,202107,747.66
"60,000",68.03,202107,881.96
"27,500",64.26,202107,427.95
"125,000",84.99,202107,1470.76
"113,500",72.97,202107,1555.43
"87,000",45.81,202107,1899.15
"86,800",45.81,202107,1894.78
"112,000",72.97,202107,1534.88
"75,500",84.95,202107,888.76
"83,000",85,202107,976.47
"73,000",84.98,202107,859.03
"55,000",59.88,202107,918.5
"81,000",59.37,202107,1364.33
"65,000",59.98,202107,1083.69
"59,000",59.88,202107,985.3
"60,900",59.88,202107,1017.03
"61,700",59.88,202107,1030.39
"74,500",84.95,202107,876.99
"65,000",59.99,202107,1083.51
"71,000",84.99,202107,835.39
"71,500",84.09,202107,850.28
"85,000",84.6824,202107,1003.75
"84,500",84.6824,202107,997.85
"52,000",46.65,202107,1114.68
"74,000",59.77,202107,1238.08
"76,000",84.95,202107,894.64
"76,000",84.95,202107,894.64
"94,000",84.92,202107,1106.92
"64,800",60,202107,1080
"90,000",114.63,202107,785.13
"60,000",84.92,202107,706.55
"67,800",84.92,202107,798.4
"61,400",59.88,202107,1025.38
"95,000",114.75,202107,827.89
"80,000",85,202107,941.18
"97,800",114.93,202107,850.95
"76,000",84.09,202107,903.79
"60,300",59.42,202107,1014.81
"80,000",59.98,202107,1333.78
"44,100",59.9,202107,736.23
"59,950",59.88,202107,1001.17
"78,000",84.95,202107,918.19
"79,000",59.37,202107,1330.64
"85,500",85,202107,1005.88
"61,000",59.88,202107,1018.7
"80,000",84.95,202107,941.73
"66,000",84.83,202107,778.03
"95,000",84.92,202107,1118.7
"80,000",84.95,202107,941.73
"39,500",43.11,202107,916.26
"40,000",43.11,202107,927.86
"75,000",84.98,202107,882.56
"79,800",84.98,202107,939.04
"70,000",59.98,202107,1167.06
"66,700",59.99,202107,1111.85
"57,000",59.88,202107,951.9
"70,500",84.96,202107,829.8
"73,500",84.99,202107,864.81
"53,700",59.94,202107,895.9
"60,000",59.94,202107,1001
"82,300",84.6824,202107,971.87
"73,000",84.83,202107,860.54
"45,000",85,202107,529.41
"70,500",84.96,202107,829.8
"50,000",84.91,202107,588.86
"85,800",84.89,202107,1010.72
"69,500",59.99,202107,1158.53
"61,700",59.88,202107,1030.39
"36,800",43.11,202107,853.63
"90,000",114.56,202107,785.61
"63,000",59.9,202107,1051.75
"77,000",84.9819,202107,906.08
"87,000",114.75,202107,758.17
"60,500",59.88,202107,1010.35
"67,800",59.59,202107,1137.77
"84,000",85,202107,988.24
"63,000",50.45,202107,1248.76
"54,500",59.98,202107,908.64
"67,500",84.83,202107,795.71
"78,000",84.96,202107,918.08
"154,000",113.226,202107,1360.11
"79,500",59.99,202107,1325.22
"85,500",59.99,202107,1425.24
"89,000",59.97,202107,1484.08
"94,900",59.75,202107,1588.28
"93,000",59.96,202107,1551.03
"100,000",84.844,202107,1178.63
"90,500",84.97,202107,1065.08
"85,700",59.998,202107,1428.38
"96,000",59.8946,202107,1602.82
"96,000",59.8946,202107,1602.82
"149,000",114.99,202107,1295.76
"101,000",59.373,202107,1701.11
"99,500",84.97,202107,1171
"105,000",84.96,202107,1235.88
"85,000",59.998,202107,1416.71
"110,000",84.96,202107,1294.73
"154,000",84.99,202107,1811.98
"154,000",84.99,202107,1811.98
"82,500",59.99,202107,1375.23
"132,000",143.43,202107,920.31
"117,000",59.97,202107,1950.98
"117,000",59.97,202107,1950.98
"104,000",84.64,202107,1228.73
"123,800",84.99,202107,1456.64
"114,000",84.96,202107,1341.81
"98,000",84.844,202107,1155.06
"100,000",84.97,202107,1176.89
"54,300",68.14,202107,796.89
"87,000",59.99,202107,1450.24
"99,000",84.844,202107,1166.85
"61,500",79.87,202107,770
"62,000",79.87,202107,776.26
"100,000",84.97,202107,1176.89
"120,000",84.82,202107,1414.76
"78,000",59.99,202107,1300.22
"88,800",59.97,202107,1480.74
"88,800",59.97,202107,1480.74
"98,000",84.97,202107,1153.35
"89,000",84.97,202107,1047.43
"74,000",59.99,202107,1233.54
"129,000",84.99,202107,1517.83
"116,800",84.96,202107,1374.76
"118,000",84.82,202107,1391.18
"84,500",59.97,202107,1409.04
"95,500",59.99,202107,1591.93
"127,000",84.95,202107,1495
"59,800",79.87,202107,748.72
"82,000",59.99,202107,1366.89
"97,000",59.99,202107,1616.94
"96,000",59.92,202107,1602.14
"109,000",84.99,202107,1282.5
"69,500",59.67,202107,1164.74
"85,700",59.99,202107,1428.57
"86,000",59.73,202107,1439.81
"82,000",59.99,202107,1366.89
"84,500",59.675,202107,1416
"87,500",84.52,202107,1035.26
"69,500",59.67,202107,1164.74
"59,000",84.96,202107,694.44
"118,000",114.698,202107,1028.79
"108,000",84.99,202107,1270.74
"105,500",59.98,202107,1758.92
"72,000",75.5,202107,953.64
"86,000",84.52,202107,1017.51
"77,000",59.675,202107,1290.32
"100,000",84.95,202107,1177.16
"83,000",59.61,202107,1392.38
"112,000",84.92,202107,1318.89
"64,000",59.88,202107,1068.8
"138,000",151.17,202107,912.88
"86,700",59.754,202107,1450.95
"69,000",59.88,202107,1152.3
"56,800",52.9,202107,1073.72
"92,500",84.843,202107,1090.25
"81,500",59.65,202107,1366.3
"81,250",59.855,202107,1357.45
"81,000",59.65,202107,1357.92
"92,000",84.843,202107,1084.36
"143,500",151.17,202107,949.26
"81,000",59.65,202107,1357.92
"74,000",59.855,202107,1236.32
"106,000",114.752,202107,923.73
"86,000",59.754,202107,1439.23
"85,200",59.754,202107,1425.85
"90,500",84.647,202107,1069.15
"75,800",79.984,202107,947.69
"103,000",84.73,202107,1215.63
"94,500",84.843,202107,1113.82
"91,000",84.647,202107,1075.05
"80,000",59.855,202107,1336.56
"109,500",114.752,202107,954.23
"79,000",79.248,202107,996.87
"74,500",84.69,202107,879.68
"104,700",84.589,202107,1237.75
"72,500",59.95,202107,1209.34
"69,700",59.95,202107,1162.64
"70,500",59.95,202107,1175.98
"70,700",59.95,202107,1179.32
"97,500",114.66,202107,850.34
"98,000",59.92,202107,1635.51
"75,500",59.97,202107,1258.96
"82,300",59.988,202107,1371.94
"109,000",59.99,202107,1816.97
"11,200",14.7145,202107,761.15
"86,900",59.988,202107,1448.62
"70,500",80.32,202107,877.74
"126,000",84.87,202107,1484.62
"95,000",59.99,202107,1583.6
"125,000",84.98,202107,1470.93
"59,800",84.72,202107,705.85
"63,600",59.94,202107,1061.06
"127,000",84.98,202107,1494.47
"127,500",84.97,202107,1500.53
"63,600",59.94,202107,1061.06
"92,500",84.9,202107,1089.52
"108,000",59.98,202107,1800.6
"67,300",59.94,202107,1122.79
"130,000",84.94,202107,1530.49
"62,900",59.94,202107,1049.38
"81,500",59.97,202107,1359.01
"86,500",59.9,202107,1444.07
"64,900",59.94,202107,1082.75
"105,500",84.84,202107,1243.52
"83,000",84.87,202107,977.97
"91,000",84.9,202107,1071.85
"90,000",84.9,202107,1060.07
"77,700",84.68,202108,917.57
"77,000",68.13,202108,1130.19
"68,800",59.58,202108,1154.75
"69,800",59.4,202108,1175.08
"99,800",80.54,202108,1239.14
"68,000",59.58,202108,1141.32
"64,800",59.58,202108,1087.61
"86,000",84.87,202108,1013.31
"106,000",84.8,202108,1250
"91,900",84.59,202108,1086.42
"91,000",84.59,202108,1075.78
"89,500",59.99,202108,1491.92
"94,500",59.84,202108,1579.21
"90,500",84.59,202108,1069.87
"98,500",59.9342,202108,1643.47
"92,000",59.9342,202108,1535.02
"119,000",114.89,202108,1035.77
"68,800",59.64,202108,1153.59
"100,000",84.97,202108,1176.89
"85,500",59.99,202108,1425.24
"84,700",84.8,202108,998.82
"77,500",68.13,202108,1137.53
"92,000",84.59,202108,1087.6
"94,500",114.93,202108,822.24
"109,000",84.8,202108,1285.38
"110,000",113.67,202108,967.71
"76,000",68.13,202108,1115.51
"66,000",59.4,202108,1111.11
"85,700",59.99,202108,1428.57
"77,000",68.13,202108,1130.19
"88,000",59.38,202108,1481.98
"107,500",84.97,202108,1265.15
"85,800",59.99,202108,1430.24
"88,000",59.99,202108,1466.91
"109,500",84.97,202108,1288.69
"110,000",84.88,202108,1295.95
"95,000",84.87,202108,1119.36
"112,800",115.51,202108,976.54
"95,000",114.66,202108,828.54
"103,500",113.67,202108,910.53
"74,800",59.4,202108,1259.26
"83,000",84.817,202108,978.58
"89,800",84.98,202108,1056.72
"104,800",84.97,202108,1233.38
"83,000",84.87,202108,977.97
"98,000",84.87,202108,1154.71
"78,000",68.13,202108,1144.87
"90,500",84.59,202108,1069.87
"93,700",84.92,202108,1103.39
"124,500",84.8778,202108,1466.81
"58,000",85,202108,682.35
"55,000",85,202108,647.06
"65,000",58.59,202108,1109.4
"73,000",84.93,202108,859.53
"99,000",111.55,202108,887.49
"105,000",84.95,202108,1236.02
"88,000",59.96,202108,1467.65
"79,700",56.83,202108,1402.43
"108,500",84.84,202108,1278.88
"89,000",59.95,202108,1484.57
"130,000",84.95,202108,1530.31
"46,400",73.08,202108,634.92
"60,000",68.81,202108,871.97
"59,800",68.03,202108,879.02
"30,800",54.31,202108,567.11
"37,500",59.31,202108,632.27
"85,000",45.81,202108,1855.49
"119,000",72.97,202108,1630.81
"79,000",84.9,202108,930.51
"90,000",45.81,202108,1964.64
"109,500",59.81,202108,1830.8
"127,000",84.99,202108,1494.29
"140,000",84.99,202108,1647.25
"92,000",84.57,202108,1087.86
"101,500",84.904,202108,1195.47
"84,000",84.1926,202108,997.71
"67,000",84.83,202108,789.81
"67,300",84.83,202108,793.35
"73,000",84.09,202108,868.12
"62,500",59.42,202108,1051.83
"60,000",59.98,202108,1000.33
"72,800",59.77,202108,1218
"74,500",59.77,202108,1246.44
"73,000",59.77,202108,1221.35
"75,000",59.77,202108,1254.81
"78,000",84.98,202108,917.86
"85,000",114.75,202108,740.74
"69,500",59.94,202108,1159.49
"73,000",84.99,202108,858.92
"72,500",84.83,202108,854.65
"84,500",59.37,202108,1423.28
"67,000",84.91,202108,789.07
"69,000",84.92,202108,812.53
"65,500",84.92,202108,771.31
"63,000",59.42,202108,1060.25
"78,000",84.99,202108,917.76
"60,500",50.45,202108,1199.21
"95,000",84.65,202108,1122.27
"59,800",59.98,202108,997
"94,000",84.97,202108,1106.27
"76,000",59.77,202108,1271.54
"73,000",59.98,202108,1217.07
"85,000",114.75,202108,740.74
"77,800",84.99,202108,915.4
"40,000",52.89,202108,756.29
"76,700",84.09,202108,912.12
"75,000",84.44,202108,888.2
"74,800",84.96,202108,880.41
"61,000",59.88,202108,1018.7
"74,500",59.77,202108,1246.44
"85,000",84.6824,202108,1003.75
"75,000",59.63,202108,1257.76
"62,500",59.97,202108,1042.19
"64,700",59.9,202108,1080.13
"88,000",114.97,202108,765.42
"69,700",84.99,202108,820.1
"80,000",84.99,202108,941.29
"84,500",84.92,202108,995.05
"71,000",60,202108,1183.33
"45,000",59.26,202108,759.37
"42,000",52.89,202108,794.1
"80,000",84.96,202108,941.62
"94,500",109.27,202108,864.83
"59,900",59.9,202108,1000
"119,500",114.35,202108,1045.04
"119,500",114.912,202108,1039.93
"83,000",59.77,202108,1388.66
"88,000",59.998,202108,1466.72
"111,000",84.96,202108,1306.5
"88,000",59.97,202108,1467.4
"102,000",84.844,202108,1202.21
"120,000",84.64,202108,1417.77
"105,000",84.64,202108,1240.55
"80,000",59.99,202108,1333.56
"118,000",114.73,202108,1028.5
"88,000",59.99,202108,1466.91
"71,900",59.94,202108,1199.53
"74,000",72.37,202108,1022.52
"109,500",84.96,202108,1288.84
"89,000",59.998,202108,1483.38
"145,000",114.93,202108,1261.64
"145,000",114.93,202108,1261.64
"118,500",114.912,202108,1031.22
"115,400",59.97,202108,1924.3
"89,500",59.99,202108,1491.92
"127,000",84.95,202108,1495
"95,500",59.99,202108,1591.93
"120,000",84.64,202108,1417.77
"85,000",59.998,202108,1416.71
"122,000",59.97,202108,2034.35
"121,000",59.99,202108,2017
"164,000",84.9,202108,1931.68
"117,500",84.94,202108,1383.33
"122,500",84.64,202108,1447.31
"117,500",114.73,202108,1024.14
"95,000",84.97,202108,1118.04
"114,000",84.96,202108,1341.81
"55,000",68.14,202108,807.16
"130,000",114.88,202108,1131.62
"131,000",84.82,202108,1544.45
"81,900",59.97,202108,1365.68
"127,000",114.912,202108,1105.19
"95,000",59.75,202108,1589.96
"103,000",84.97,202108,1212.19
"116,000",59.97,202108,1934.3
"120,000",59.9,202108,2003.34
"120,000",59.9,202108,2003.34
"123,500",59.99,202108,2058.68
"102,500",84.844,202108,1208.1
"163,000",84.98,202108,1918.1
"125,900",84.96,202108,1481.87
"125,900",84.96,202108,1481.87
"131,000",84.82,202108,1544.45
"103,000",59.99,202108,1716.95
"116,000",84.82,202108,1367.6
"90,000",59.97,202108,1500.75
"87,500",59.86,202108,1461.74
"99,500",84.97,202108,1171
"85,000",59.99,202108,1416.9
"133,000",84.94,202108,1565.81
"99,000",59.98,202108,1650.55
"124,000",84.96,202108,1459.51
"82,000",59.97,202108,1367.35
"113,000",114.73,202108,984.92
"98,000",59.92,202108,1635.51
"82,000",59.97,202108,1367.35
"103,000",84.844,202108,1213.99
"129,500",84.96,202108,1524.25
"129,500",84.96,202108,1524.25
"93,000",59.99,202108,1550.26
"98,500",84.844,202108,1160.95
"105,000",114.912,202108,913.74
"90,000",59.998,202108,1500.05
"110,000",84.97,202108,1294.57
"48,000",32.98,202108,1455.43
"100,700",59.96,202108,1679.45
"145,000",114.98,202108,1261.09
"151,000",113.226,202108,1333.62
"89,500",59.9284,202108,1493.45
"37,000",72.92,202108,507.41
"107,000",84.99,202108,1258.97
"44,700",86.46,202108,517
"76,500",121.67,202108,628.75
"78,500",59.86,202108,1311.39
"87,000",84.72,202108,1026.91
"80,000",59.04,202108,1355.01
"97,500",59.98,202108,1625.54
"107,000",84.98,202108,1259.12
"86,800",59.99,202108,1446.91
"94,500",59.97,202108,1575.79
"105,500",84.73,202108,1245.13
"112,000",84.99,202108,1317.8
"86,500",59.73,202108,1448.18
"81,500",59.04,202108,1380.42
"108,000",59.98,202108,1800.6
"108,000",84.98,202108,1270.89
"83,000",59.61,202108,1392.38
"71,000",59.67,202108,1189.88
"83,500",59.99,202108,1391.9
"81,500",59.04,202108,1380.42
"93,000",84.72,202108,1097.73
"104,750",84.95,202108,1233.08
"73,700",59.855,202108,1231.31
"82,800",59.65,202108,1388.1
"138,300",114.93,202108,1203.34
"10,500",15.55,202108,675.24
"110,000",84.88,202108,1295.95
"94,500",84.647,202108,1116.4
"87,500",59.754,202108,1464.34
"78,700",73.1,202108,1076.61
"12,000",15.52,202108,773.2
"89,900",84.14,202108,1068.46
"70,000",59.88,202108,1169
"88,800",84.78,202108,1047.42
"70,000",59.88,202108,1169
"95,500",84.843,202108,1125.61
"105,000",84.73,202108,1239.23
"106,900",84.88,202108,1259.43
"88,500",84.78,202108,1043.88
"80,000",59.855,202108,1336.56
"89,200",59.754,202108,1492.79
"95,000",84.843,202108,1119.72
"100,000",84.88,202108,1178.13
"98,000",84.843,202108,1155.07
"89,800",59.98,202108,1497.17
"87,000",59.65,202108,1458.51
"150,000",178.84,202108,838.74
"129,500",126.6,202108,1022.91
"88,300",84.14,202108,1049.44
"81,800",59.65,202108,1371.33
"86,000",84.97,202108,1012.12
"73,000",59.95,202108,1217.68
"64,500",82.32,202108,783.53
"96,000",59.92,202108,1602.14
"65,000",59.988,202108,1083.55
"129,500",84.94,202108,1524.61
"125,000",84.98,202108,1470.93
"87,950",59.988,202108,1466.13
"106,000",59.92,202108,1769.03
"65,000",84.69,202108,767.51
"135,000",84.87,202108,1590.67
"106,500",59.99,202108,1775.3
"103,000",59.92,202108,1718.96
"83,000",59.97,202108,1384.03
"92,500",84.9,202108,1089.52
"80,000",59.97,202108,1334
"79,000",59.97,202108,1317.33
"64,500",59.94,202108,1076.08
"21,300",37.36,202109,570.13
"103,000",84.97,202109,1212.19
"85,800",84.817,202109,1011.59
"120,000",143.51,202109,836.18
"76,000",59.4,202109,1279.46
"73,000",59.58,202109,1225.24
"77,500",84.68,202109,915.21
"67,000",59.58,202109,1124.54
"84,500",84.39,202109,1001.3
"69,500",59.58,202109,1166.5
"120,000",152.25,202109,788.18
"95,000",84.87,202109,1119.36
"74,500",68.13,202109,1093.5
"59,500",41.58,202109,1430.98
"93,500",84.87,202109,1101.68
"122,500",132.96,202109,921.33
"108,000",132.96,202109,812.27
"119,000",152.25,202109,781.61
"118,000",114.89,202109,1027.07
"104,000",84.97,202109,1223.96
"68,000",59.58,202109,1141.32
"91,000",84.87,202109,1072.23
"87,800",84.817,202109,1035.17
"115,000",84.88,202109,1354.85
"67,000",59.64,202109,1123.41
"76,700",59.4,202109,1291.25
"82,000",68.13,202109,1203.58
"71,000",84.72,202109,838.05
"74,000",59.79,202109,1237.67
"76,000",59.4,202109,1279.46
"67,500",56.7,202109,1190.48
"132,000",156.33,202109,844.37
"85,300",56.83,202109,1500.97
"100,000",84.83,202109,1178.83
"85,000",56.83,202109,1495.69
"96,000",84.71,202109,1133.28
"128,000",84.95,202109,1506.77
"128,000",84.94,202109,1506.95
"31,700",44.36,202109,714.61
"132,000",84.99,202109,1553.12
"110,000",59.81,202109,1839.16
"109,000",59.19,202109,1841.53
"136,500",84.99,202109,1606.07
"130,000",84.99,202109,1529.59
"100,000",84.774,202109,1179.61
"108,000",84.904,202109,1272.02
"94,000",59.663,202109,1575.52
"109,000",84.904,202109,1283.8
"92,000",59.663,202109,1541.99
"72,400",59.59,202109,1214.97
"60,000",45.77,202109,1310.9
"54,500",46.65,202109,1168.27
"44,500",43.11,202109,1032.24
"73,700",84.99,202109,867.16
"71,300",59.59,202109,1196.51
"64,200",59.9627,202109,1070.67
"78,500",84.99,202109,923.64
"87,700",84.19,202109,1041.69
"84,900",84.19,202109,1008.43
"76,800",59.98,202109,1280.43
"78,000",84.96,202109,918.08
"67,500",84.99,202109,794.21
"109,000",114.78,202109,949.64
"67,800",59.88,202109,1132.26
"70,300",59.59,202109,1179.73
"72,000",84.09,202109,856.23
"68,000",59.99,202109,1133.52
"70,000",60,202109,1166.67
"73,000",84.09,202109,868.12
"116,500",114.912,202109,1013.82
"129,500",84.95,202109,1524.43
"97,000",59.99,202109,1616.94
"94,000",59.99,202109,1566.93
"85,700",59.998,202109,1428.38
"93,800",59.99,202109,1563.59
"92,500",59.99,202109,1541.92
"119,000",84.96,202109,1400.66
"97,000",59.99,202109,1616.94
"97,000",59.99,202109,1616.94
"76,800",59.94,202109,1281.28
"160,000",114.91,202109,1392.39
"164,700",84.98,202109,1938.1
"148,500",114.98,202109,1291.53
"104,800",84.844,202109,1235.21
"123,000",59.9,202109,2053.42
"98,000",59.96,202109,1634.42
"129,000",84.049,202109,1534.82
"108,000",84.844,202109,1272.92
"95,500",59.9284,202109,1593.57
"95,500",59.9284,202109,1593.57
"97,000",84.97,202109,1141.58
"90,000",59.75,202109,1506.28
"104,000",84.97,202109,1223.96
"97,000",59.373,202109,1633.74
"121,000",59.9,202109,2020.03
"109,000",84.844,202109,1284.71
"135,000",114.98,202109,1174.12
"103,000",59.373,202109,1734.8
"119,000",84.96,202109,1400.66
"98,000",59.92,202109,1635.51
"106,700",59.99,202109,1778.63
"106,000",59.99,202109,1766.96
"90,000",59.99,202109,1500.25
"97,900",59.96,202109,1632.76
"154,000",84.99,202109,1811.98
"95,000",59.99,202109,1583.6
"98,500",59.96,202109,1642.76
"93,000",84.72,202109,1097.73
"45,000",59.4,202109,757.58
"105,000",114.75,202109,915.03
"87,300",59.99,202109,1455.24
"55,000",59.17,202109,929.53
"87,700",59.73,202109,1468.27
"85,500",59.99,202109,1425.24
"105,000",84.95,202109,1236.02
"81,900",55.27,202109,1481.82
"96,500",84.95,202109,1135.96
"118,000",114.98,202109,1026.27
"81,000",59.855,202109,1353.27
"80,500",59.855,202109,1344.92
"93,000",59.98,202109,1550.52
"116,500",114.752,202109,1015.23
"127,000",126.6,202109,1003.16
"112,000",84.88,202109,1319.51
"100,000",59.98,202109,1667.22
"82,000",59.855,202109,1369.98
"109,000",84.88,202109,1284.17
"81,250",59.855,202109,1357.45
"130,000",114.678,202109,1133.61
"81,000",59.65,202109,1357.92
"89,000",59.754,202109,1489.44
"141,000",126.6,202109,1113.74
"12,000",15.62,202109,768.25
"97,000",101.97,202109,951.26
"86,500",84.97,202109,1018.01
"89,000",84.97,202109,1047.43
"59,800",59.64,202109,1002.68
"150,000",101.72,202109,1474.64
"107,000",59.99,202109,1783.63
"107,000",59.99,202109,1783.63
"60,000",59.98,202109,1000.33
"128,500",84.71,202109,1516.94
"11,200",14.7145,202109,761.15
"97,000",84.9,202109,1142.52
"87,500",84.87,202109,1030.99
"105,300",59.42,202109,1772.13
"98,000",84.84,202109,1155.12
"91,000",84.92,202109,1071.6
"107,000",114.66,202110,933.19
"110,000",113.67,202110,967.71
"95,500",59.9342,202110,1593.41
"60,000",41.58,202110,1443
"119,800",113.67,202110,1053.93
"127,000",115.51,202110,1099.47
"100,500",80.54,202110,1247.83
"105,000",81.82,202110,1283.3
"95,000",84.87,202110,1119.36
"63,300",59.94,202110,1056.06
"54,800",111.51,202110,491.44
"71,000",84.96,202110,835.69
"82,000",84.98,202110,964.93
"78,000",59.98,202110,1300.43
"87,000",84.89,202110,1024.86
"82,000",59.98,202110,1367.12
"85,500",84.09,202110,1016.77
"87,500",59.37,202110,1473.81
"28,000",84.71,202110,330.54
"76,000",84.96,202110,894.54
"129,000",84.049,202110,1534.82
"118,000",84.93,202110,1389.38
"139,500",84.94,202110,1642.34
"145,000",114.99,202110,1260.98
"130,000",84.99,202110,1529.59
"117,800",114.98,202110,1024.53
"100,500",84.95,202110,1183.05
"105,000",84.73,202110,1239.23
"89,000",59.73,202110,1490.04
"105,000",114.75,202110,915.03
"91,000",84.78,202110,1073.37
"81,500",59.65,202110,1366.3
"107,500",84.589,202110,1270.85
"60,000",84.589,202110,709.31
"133,000",84.94,202110,1565.81
"87,500",59.988,202110,1458.63
"99,500",59.92,202110,1660.55
"83,000",59.97,202110,1384.03
,,,1141.527002
