거래금액,전용면적,년,,,,,,,,
"168,000",80.76,202101,,,,,,,,
"310,000",139.668,202101,,,,,,,,
"215,000",84.95,202101,,,,,,평균금액,,평균면적
"100,000",27.68,202101,,,,,,"154,220",,80.42597425
"246,600",82.61,202101,,,,,,,,24.33
"226,300",76.5,202101,,,,,,,,
"218,500",84.99,202101,,,,,,,,
"228,000",84.99,202101,,,,,,,6339,
"248,100",82.61,202101,,,,,,,,
"248,100",82.61,202101,,,,,,,,
"215,000",137.036,202101,,,,,,,,
"185,000",59.96,202101,,,,,,,,
"210,000",84.83,202101,,,,,,,,
"240,100",82.61,202101,,,,,,,,
"215,000",84.83,202101,,,,,,,,
"223,000",84.99,202101,,,,,,,,
"238,800",84.99,202101,,,,,,,,
"340,000",151.008,202101,,,,,,,,
"218,000",84.83,202101,,,,,,,,
"219,000",84.82,202101,,,,,,,,
"220,000",84.95,202101,,,,,,,,
"248,100",82.51,202101,,,,,,,,
"264,000",114.7,202101,,,,,,,,
"230,000",82.51,202101,,,,,,,,
"237,000",84.8,202101,,,,,,,,
"114,000",59.23,202101,,,,,,,,
"241,350",82.61,202101,,,,,,,,
"237,100",81.75,202101,,,,,,,,
"185,000",59.96,202101,,,,,,,,
"218,000",84.83,202101,,,,,,,,
"235,000",84.99,202101,,,,,,,,
"229,000",84.99,202101,,,,,,,,
"118,000",27.68,202101,,,,,,,,
"228,300",76.5,202101,,,,,,,,
"243,100",82.61,202101,,,,,,,,
"269,000",114.7,202101,,,,,,,,
"231,000",163.935,202101,,,,,,,,
"257,100",82.61,202101,,,,,,,,
"193,000",59.99,202101,,,,,,,,
"233,100",81.75,202101,,,,,,,,
"299,000",135.82,202101,,,,,,,,
"112,000",27.68,202101,,,,,,,,
"237,000",84.8,202101,,,,,,,,
"210,000",208.28,202101,,,,,,,,
"219,500",120,202101,,,,,,,,
"80,000",58.23,202101,,,,,,,,
"201,500",123.27,202101,,,,,,,,
"185,000",84.9,202101,,,,,,,,
"213,000",84.79,202101,,,,,,,,
"247,000",121.63,202101,,,,,,,,
"220,000",84.79,202101,,,,,,,,
"181,000",71.2,202101,,,,,,,,
"205,000",84.9,202101,,,,,,,,
"198,000",171.53,202101,,,,,,,,
"259,000",121.63,202101,,,,,,,,
"212,000",99,202101,,,,,,,,
"214,500",84.79,202101,,,,,,,,
"218,000",81.88,202101,,,,,,,,
"197,500",84.79,202101,,,,,,,,
"185,000",59.64,202101,,,,,,,,
"210,000",99,202101,,,,,,,,
"205,000",84.79,202101,,,,,,,,
"261,000",121.63,202101,,,,,,,,
"199,000",59.47,202101,,,,,,,,
"217,000",71.34,202101,,,,,,,,
"64,300",31.5,202101,,,,,,,,
"208,000",84.9,202101,,,,,,,,
"196,300",84.79,202101,,,,,,,,
"197,000",166.7,202101,,,,,,,,
"170,000",145.93,202101,,,,,,,,
"251,000",134.16,202101,,,,,,,,
"99,500",50.76,202101,,,,,,,,
"200,000",84.9,202101,,,,,,,,
"385,000",244.93,202101,,,,,,,,
"220,000",121.63,202101,,,,,,,,
"230,000",166.91,202101,,,,,,,,
"255,000",120,202101,,,,,,,,
"220,000",84.9,202101,,,,,,,,
"99,500",84.38,202101,,,,,,,,
"127,500",84.85,202101,,,,,,,,
"83,000",59.78,202101,,,,,,,,
"115,000",84.97,202101,,,,,,,,
"147,000",83.02,202101,,,,,,,,
"108,000",84.22,202101,,,,,,,,
"90,000",59.69,202101,,,,,,,,
"94,500",59.95,202101,,,,,,,,
"128,000",84.86,202101,,,,,,,,
"162,000",59.92,202101,,,,,,,,
"129,800",84.86,202101,,,,,,,,
"119,000",84.38,202101,,,,,,,,
"99,000",84.38,202101,,,,,,,,
"121,000",84.95,202101,,,,,,,,
"70,500",59.36,202101,,,,,,,,
"68,000",40.95,202101,,,,,,,,
"105,000",59.975,202101,,,,,,,,
"164,000",134.81,202101,,,,,,,,
"98,000",59.91,202101,,,,,,,,
"17,700",22.87,202101,,,,,,,,
"120,000",84.92,202101,,,,,,,,
"160,000",71.73,202101,,,,,,,,
"124,000",84.92,202101,,,,,,,,
"108,000",66.18,202101,,,,,,,,
"119,000",84.92,202101,,,,,,,,
"149,000",149.89,202101,,,,,,,,
"14,200",17.59,202101,,,,,,,,
"14,200",17.59,202101,,,,,,,,
"14,400",18.4,202101,,,,,,,,
"170,000",108.338,202101,,,,,,,,
"174,000",87.01,202101,,,,,,,,
"154,000",71.73,202101,,,,,,,,
"143,000",84.92,202101,,,,,,,,
"23,150",15.8307,202101,,,,,,,,
"29,700",15.8307,202101,,,,,,,,
"103,000",80.01,202101,,,,,,,,
"129,000",59.92,202101,,,,,,,,
"178,000",114.756,202101,,,,,,,,
"128,000",59.92,202101,,,,,,,,
"128,000",128.71,202101,,,,,,,,
"190,000",114.756,202101,,,,,,,,
"82,000",59.9788,202101,,,,,,,,
"121,500",59.91,202101,,,,,,,,
"149,000",180.667,202101,,,,,,,,
"149,500",84.69,202101,,,,,,,,
"124,000",180.516,202101,,,,,,,,
"96,500",50,202101,,,,,,,,
"126,500",59.92,202101,,,,,,,,
"122,000",82.3,202101,,,,,,,,
"98,000",59.99,202101,,,,,,,,
"150,000",84.67,202101,,,,,,,,
"219,000",84.99,202101,,,,,,,,
"25,000",33.1,202101,,,,,,,,
"175,000",59.96,202101,,,,,,,,
"105,000",54.9,202101,,,,,,,,
"153,000",120.96,202101,,,,,,,,
"145,000",84.69,202101,,,,,,,,
"127,000",59.92,202101,,,,,,,,
"122,000",59.92,202101,,,,,,,,
"128,000",59.91,202101,,,,,,,,
"260,000",110.66,202101,,,,,,,,
"260,000",110.66,202101,,,,,,,,
"128,800",59.92,202101,,,,,,,,
"119,000",115.94,202101,,,,,,,,
"161,000",109.25,202101,,,,,,,,
"130,000",64.26,202101,,,,,,,,
"180,000",59.96,202101,,,,,,,,
"99,000",90.7,202101,,,,,,,,
"93,000",105.02,202101,,,,,,,,
"93,000",105.02,202101,,,,,,,,
"130,000",59.92,202101,,,,,,,,
"132,000",59.92,202101,,,,,,,,
"122,000",58.46,202101,,,,,,,,
"99,000",80.52,202101,,,,,,,,
"27,500",40.97,202101,,,,,,,,
"89,500",84.58,202101,,,,,,,,
"177,000",121.04,202101,,,,,,,,
"175,000",59.96,202101,,,,,,,,
"206,500",84.98,202101,,,,,,,,
"25,000",27.85,202101,,,,,,,,
"115,000",84.8,202101,,,,,,,,
"177,000",121.04,202101,,,,,,,,
"252,000",110.44,202101,,,,,,,,
"136,500",84.11,202101,,,,,,,,
"130,000",84.51,202101,,,,,,,,
"155,500",84.69,202101,,,,,,,,
"111,000",60.72,202101,,,,,,,,
"75,000",39.69,202101,,,,,,,,
"153,000",84.9648,202101,,,,,,,,
"260,000",158.705,202101,,,,,,,,
"79,000",59.94,202101,,,,,,,,
"256,000",158.705,202101,,,,,,,,
"144,500",120.97,202101,,,,,,,,
"172,000",84.705,202101,,,,,,,,
"140,000",84.39,202101,,,,,,,,
"180,000",84.751,202101,,,,,,,,
"50,500",25.65,202101,,,,,,,,
"48,000",25.65,202101,,,,,,,,
"61,000",35.46,202101,,,,,,,,
"89,500",59.91,202101,,,,,,,,
"253,000",158.705,202101,,,,,,,,
"59,000",35.46,202101,,,,,,,,
"79,000",39.69,202101,,,,,,,,
"76,000",39.69,202101,,,,,,,,
"61,200",35.46,202101,,,,,,,,
"187,000",84.751,202101,,,,,,,,
"138,000",84.86,202101,,,,,,,,
"160,000",84.9725,202101,,,,,,,,
"85,000",46.26,202101,,,,,,,,
"79,800",39.69,202101,,,,,,,,
"80,000",39.69,202101,,,,,,,,
"183,500",84.705,202101,,,,,,,,
"298,000",192.235,202101,,,,,,,,
"184,000",84.705,202101,,,,,,,,
"146,000",84.9072,202101,,,,,,,,
"157,500",84.9342,202101,,,,,,,,
"61,500",35.46,202101,,,,,,,,
"145,000",84.96,202101,,,,,,,,
"105,000",84.94,202101,,,,,,,,
"180,000",100.8522,202101,,,,,,,,
"174,500",108.1387,202101,,,,,,,,
"148,000",84.92,202101,,,,,,,,
"105,500",51.77,202101,,,,,,,,
"128,000",59.73,202101,,,,,,,,
"131,000",59.85,202101,,,,,,,,
"118,000",51.77,202101,,,,,,,,
"128,000",59.95,202101,,,,,,,,
"120,000",51.77,202101,,,,,,,,
"125,000",59.63,202101,,,,,,,,
"155,500",84.92,202101,,,,,,,,
"167,000",84.96,202101,,,,,,,,
"113,000",51.77,202101,,,,,,,,
"128,800",59.85,202101,,,,,,,,
"147,000",84.9,202101,,,,,,,,
"184,000",83.06,202101,,,,,,,,
"225,000",100.82,202101,,,,,,,,
"205,000",83.06,202101,,,,,,,,
"25,000",25.96,202101,,,,,,,,
"203,000",83.06,202101,,,,,,,,
"148,000",84.95,202101,,,,,,,,
"29,000",30.8,202101,,,,,,,,
"215,000",100.82,202101,,,,,,,,
"150,000",159.41,202101,,,,,,,,
"29,900",28.64,202101,,,,,,,,
"230,000",100.31,202101,,,,,,,,
"29,100",38.22,202101,,,,,,,,
"292,000",148.77,202101,,,,,,,,
"150,000",84.92,202101,,,,,,,,
"89,000",84.95,202101,,,,,,,,
"95,000",83.15,202101,,,,,,,,
"104,500",59.9823,202101,,,,,,,,
"144,000",143.82,202101,,,,,,,,
"165,000",125.79,202101,,,,,,,,
"85,000",45.77,202101,,,,,,,,
"155,000",84.98,202101,,,,,,,,
"125,000",78.59,202101,,,,,,,,
"210,000",170.32,202101,,,,,,,,
"216,000",170.32,202101,,,,,,,,
"58,500",31,202101,,,,,,,,
"104,000",59.9823,202101,,,,,,,,
"110,000",84.82,202101,,,,,,,,
"118,000",78.59,202101,,,,,,,,
"139,000",84.91,202101,,,,,,,,
"90,000",59.73,202101,,,,,,,,
"87,700",59.74,202101,,,,,,,,
"99,000",82.96,202101,,,,,,,,
"94,500",82.96,202101,,,,,,,,
"63,000",40.38,202101,,,,,,,,
"74,500",40.38,202101,,,,,,,,
"90,500",82.96,202101,,,,,,,,
"62,500",39.6,202101,,,,,,,,
"79,500",59.79,202101,,,,,,,,
"74,500",59.79,202101,,,,,,,,
"107,000",104.04,202101,,,,,,,,
"92,200",84.94,202101,,,,,,,,
"93,000",84.94,202101,,,,,,,,
"109,000",105.2,202101,,,,,,,,
"109,700",105.24,202101,,,,,,,,
"109,000",114.81,202101,,,,,,,,
"102,000",84.75,202101,,,,,,,,
"80,000",82.13,202101,,,,,,,,
"111,000",114.81,202101,,,,,,,,
"85,000",59.93,202101,,,,,,,,
"74,000",51.764,202101,,,,,,,,
"102,000",84.96,202101,,,,,,,,
"102,000",101.91,202101,,,,,,,,
"91,700",59.91,202101,,,,,,,,
"109,800",84.99,202101,,,,,,,,
"80,000",82.13,202101,,,,,,,,
"71,000",55.32,202101,,,,,,,,
"122,000",27.68,202102,,,,,,,,
"210,000",84.82,202102,,,,,,,,
"243,300",76.5,202102,,,,,,,,
"227,100",81.75,202102,,,,,,,,
"253,000",82.61,202102,,,,,,,,
"95,000",27.68,202102,,,,,,,,
"95,000",27.68,202102,,,,,,,,
"95,000",27.68,202102,,,,,,,,
"205,000",123.291,202102,,,,,,,,
"320,000",134.485,202102,,,,,,,,
"173,000",59.88,202102,,,,,,,,
"243,100",81.75,202102,,,,,,,,
"241,000",84.8,202102,,,,,,,,
"260,000",124.22,202102,,,,,,,,
"191,000",59.96,202102,,,,,,,,
"208,000",84.97,202102,,,,,,,,
"108,000",27.68,202102,,,,,,,,
"228,100",81.75,202102,,,,,,,,
"78,000",54.14,202102,,,,,,,,
"264,000",151.633,202102,,,,,,,,
"268,100",82.51,202102,,,,,,,,
"260,000",131.08,202102,,,,,,,,
"290,000",119.93,202102,,,,,,,,
"210,000",84.88,202102,,,,,,,,
"219,800",84.82,202102,,,,,,,,
"219,000",84.82,202102,,,,,,,,
"220,000",99,202102,,,,,,,,
"189,000",59.95,202102,,,,,,,,
"328,000",182.01,202102,,,,,,,,
"224,500",84.79,202102,,,,,,,,
"203,000",84.9,202102,,,,,,,,
"238,000",84.97,202102,,,,,,,,
"219,000",84.79,202102,,,,,,,,
"222,000",71.34,202102,,,,,,,,
"260,000",121.63,202102,,,,,,,,
"245,000",144.77,202102,,,,,,,,
"120,000",207.25,202102,,,,,,,,
"205,000",84.9,202102,,,,,,,,
"263,000",144.77,202102,,,,,,,,
"229,300",84.97,202102,,,,,,,,
"215,000",84.9,202102,,,,,,,,
"240,000",81.88,202102,,,,,,,,
"231,000",84.79,202102,,,,,,,,
"213,000",84.9,202102,,,,,,,,
"169,000",59.95,202102,,,,,,,,
"97,800",50.76,202102,,,,,,,,
"219,000",84.9,202102,,,,,,,,
"245,000",121.63,202102,,,,,,,,
"127,000",84.99,202102,,,,,,,,
"89,000",84.99,202102,,,,,,,,
"72,000",43.2,202102,,,,,,,,
"72,000",43.2,202102,,,,,,,,
"190,000",135.3,202102,,,,,,,,
"115,000",84.38,202102,,,,,,,,
"102,000",59.9,202102,,,,,,,,
"97,800",59.26,202102,,,,,,,,
"150,000",114.76,202102,,,,,,,,
"69,000",43.2,202102,,,,,,,,
"105,000",84.38,202102,,,,,,,,
"55,000",59.98,202102,,,,,,,,
"70,000",43.2,202102,,,,,,,,
"65,000",40.95,202102,,,,,,,,
"132,000",84.86,202102,,,,,,,,
"59,000",40.95,202102,,,,,,,,
"116,000",79.945,202102,,,,,,,,
"102,000",57.72,202102,,,,,,,,
"115,000",84.99,202102,,,,,,,,
"155,000",71.76,202102,,,,,,,,
"176,500",87.05,202102,,,,,,,,
"148,700",53.36,202102,,,,,,,,
"150,000",105.99,202102,,,,,,,,
"124,500",84.87,202102,,,,,,,,
"17,700",22.87,202102,,,,,,,,
"81,300",84.92,202102,,,,,,,,
"27,500",15.8307,202102,,,,,,,,
"28,000",15.8307,202102,,,,,,,,
"23,000",15.8307,202102,,,,,,,,
"22,500",15.8307,202102,,,,,,,,
"155,000",129.45,202102,,,,,,,,
"71,800",51.2,202102,,,,,,,,
"60,000",83.52,202102,,,,,,,,
"78,000",46.81,202102,,,,,,,,
"110,000",39.1,202102,,,,,,,,
"50,000",55.6,202102,,,,,,,,
"118,000",108.6,202102,,,,,,,,
"124,000",39.1,202102,,,,,,,,
"252,500",99.6,202102,,,,,,,,
"170,000",59.96,202102,,,,,,,,
"127,000",59.66,202102,,,,,,,,
"150,000",180.516,202102,,,,,,,,
"112,000",60.72,202102,,,,,,,,
"199,000",84.98,202102,,,,,,,,
"210,000",84.98,202102,,,,,,,,
"175,000",59.96,202102,,,,,,,,
"29,800",29.82,202102,,,,,,,,
"47,000",55.6,202102,,,,,,,,
"21,800",30.25,202102,,,,,,,,
"18,400",25.32,202102,,,,,,,,
"217,000",84.95,202102,,,,,,,,
"209,000",84.98,202102,,,,,,,,
"212,000",84.99,202102,,,,,,,,
"144,000",84.69,202102,,,,,,,,
"218,000",84.95,202102,,,,,,,,
"208,000",84.98,202102,,,,,,,,
"84,700",75.76,202102,,,,,,,,
"210,500",84.97,202102,,,,,,,,
"168,000",59.96,202102,,,,,,,,
"215,000",84.99,202102,,,,,,,,
"212,000",99.6,202102,,,,,,,,
"115,000",84.8,202102,,,,,,,,
"210,000",84.95,202102,,,,,,,,
"132,000",59.92,202102,,,,,,,,
"258,000",110.66,202102,,,,,,,,
"175,000",59.96,202102,,,,,,,,
"181,000",59.96,202102,,,,,,,,
"121,000",39.86,202102,,,,,,,,
"29,000",29.78,202102,,,,,,,,
"203,000",84.98,202102,,,,,,,,
"217,000",84.99,202102,,,,,,,,
"158,000",84.69,202102,,,,,,,,
"114,000",60.72,202102,,,,,,,,
"169,000",59.96,202102,,,,,,,,
"18,500",25.32,202102,,,,,,,,
"150,000",84.69,202102,,,,,,,,
"110,000",58.46,202102,,,,,,,,
"157,500",84.9725,202102,,,,,,,,
"52,000",25.65,202102,,,,,,,,
"20,500",28.97,202102,,,,,,,,
"142,500",84.39,202102,,,,,,,,
"60,000",35.46,202102,,,,,,,,
"162,000",84.9342,202102,,,,,,,,
"197,000",116.1338,202102,,,,,,,,
"220,000",136.325,202102,,,,,,,,
"37,500",84.95,202102,,,,,,,,
"85,000",46.26,202102,,,,,,,,
"60,000",35.46,202102,,,,,,,,
"53,000",25.65,202102,,,,,,,,
"80,000",71.52,202102,,,,,,,,
"51,800",25.65,202102,,,,,,,,
"147,000",84.96,202102,,,,,,,,
"200,000",117.585,202102,,,,,,,,
"100,000",59.57,202102,,,,,,,,
"83,000",39.69,202102,,,,,,,,
"130,000",59.93,202102,,,,,,,,
"128,000",59.97,202102,,,,,,,,
"184,000",112.1156,202102,,,,,,,,
"199,000",110.2718,202102,,,,,,,,
"140,000",84.93,202102,,,,,,,,
"184,000",106.967,202102,,,,,,,,
"135,000",59.63,202102,,,,,,,,
"118,500",51.77,202102,,,,,,,,
"118,500",51.77,202102,,,,,,,,
"146,000",84.94,202102,,,,,,,,
"149,000",84.76,202102,,,,,,,,
"115,000",51.77,202102,,,,,,,,
"125,000",59.85,202102,,,,,,,,
"146,500",84.92,202102,,,,,,,,
"136,000",84.93,202102,,,,,,,,
"134,000",84.95,202102,,,,,,,,
"134,000",84.95,202102,,,,,,,,
"131,700",84.94,202102,,,,,,,,
"190,000",101.8,202102,,,,,,,,
"126,000",59.95,202102,,,,,,,,
"190,000",115.6488,202102,,,,,,,,
"88,000",59.67,202102,,,,,,,,
"165,000",84.92,202102,,,,,,,,
"203,000",83.06,202102,,,,,,,,
"74,500",80.13,202102,,,,,,,,
"290,000",135.99,202102,,,,,,,,
"118,500",84.3,202102,,,,,,,,
"152,000",84.95,202102,,,,,,,,
"206,000",83.06,202102,,,,,,,,
"200,000",83.06,202102,,,,,,,,
"260,000",131.76,202102,,,,,,,,
"74,600",94.62,202102,,,,,,,,
"200,000",83.06,202102,,,,,,,,
"92,000",73.4,202102,,,,,,,,
"132,000",84.98,202102,,,,,,,,
"147,000",101.4632,202102,,,,,,,,
"58,400",81.57,202102,,,,,,,,
"63,500",84.58,202102,,,,,,,,
"55,700",31,202102,,,,,,,,
"59,500",59.76,202102,,,,,,,,
"170,000",132.86,202102,,,,,,,,
"128,000",84.98,202102,,,,,,,,
"128,000",84.98,202102,,,,,,,,
"60,000",31,202102,,,,,,,,
"87,500",59.74,202102,,,,,,,,
"95,000",84.94,202102,,,,,,,,
"86,000",84.96,202102,,,,,,,,
"98,000",84.83,202102,,,,,,,,
"135,000",101.95,202102,,,,,,,,
"101,600",59.73,202102,,,,,,,,
"65,500",39.6,202102,,,,,,,,
"83,700",49.8,202102,,,,,,,,
"64,500",84.38,202102,,,,,,,,
"72,000",80.13,202102,,,,,,,,
"74,000",51.764,202102,,,,,,,,
"86,000",79.31,202102,,,,,,,,
"110,000",106.77,202102,,,,,,,,
"75,500",55.32,202102,,,,,,,,
"93,000",79.07,202102,,,,,,,,
"112,000",84.86,202102,,,,,,,,
"243,300",76.5,202103,,,,,,,,
"235,000",84.99,202103,,,,,,,,
"235,000",84.99,202103,,,,,,,,
"175,500",59.88,202103,,,,,,,,
"245,000",131.08,202103,,,,,,,,
"268,100",82.51,202103,,,,,,,,
"245,000",84.97,202103,,,,,,,,
"205,000",84.83,202103,,,,,,,,
"105,000",27.68,202103,,,,,,,,
"425,000",178.325,202103,,,,,,,,
"270,000",119.93,202103,,,,,,,,
"218,500",84.82,202103,,,,,,,,
"287,000",124.22,202103,,,,,,,,
"287,000",124.22,202103,,,,,,,,
"225,000",84.8,202103,,,,,,,,
"230,000",84.99,202103,,,,,,,,
"95,000",27.68,202103,,,,,,,,
"225,000",84.99,202103,,,,,,,,
"135,000",81.04,202103,,,,,,,,
"95,000",27.68,202103,,,,,,,,
"248,000",84.99,202103,,,,,,,,
"228,000",84.99,202103,,,,,,,,
"210,000",150.689,202103,,,,,,,,
"198,000",59.99,202103,,,,,,,,
"241,300",76.5,202103,,,,,,,,
"105,000",27.68,202103,,,,,,,,
"250,000",135.82,202103,,,,,,,,
"239,000",84.8,202103,,,,,,,,
"100,000",27.68,202103,,,,,,,,
"180,000",59.88,202103,,,,,,,,
"273,000",114.7,202103,,,,,,,,
"90,300",27.68,202103,,,,,,,,
"235,000",84.99,202103,,,,,,,,
"201,000",148.15,202103,,,,,,,,
"190,000",59.95,202103,,,,,,,,
"163,000",146.74,202103,,,,,,,,
"210,000",84.9,202103,,,,,,,,
"222,000",84.9,202103,,,,,,,,
"215,000",148.15,202103,,,,,,,,
"203,800",84.9,202103,,,,,,,,
"211,000",84.9,202103,,,,,,,,
"165,000",59.97,202103,,,,,,,,
"75,000",43.2,202103,,,,,,,,
"123,000",84.97,202103,,,,,,,,
"96,000",59.26,202103,,,,,,,,
"98,000",84.63,202103,,,,,,,,
"166,000",136.54,202103,,,,,,,,
"170,000",105.99,202103,,,,,,,,
"125,000",137.28,202103,,,,,,,,
"128,000",58.98,202103,,,,,,,,
"170,000",87.05,202103,,,,,,,,
"147,000",129.32,202103,,,,,,,,
"107,500",80.01,202103,,,,,,,,
"78,500",51.2,202103,,,,,,,,
"78,000",51.2,202103,,,,,,,,
"110,000",59.94,202103,,,,,,,,
"102,000",43.79,202103,,,,,,,,
"209,000",84.95,202103,,,,,,,,
"199,900",84.99,202103,,,,,,,,
"148,000",59.968,202103,,,,,,,,
"26,500",33.1,202103,,,,,,,,
"199,000",84.96,202103,,,,,,,,
"150,000",49.29,202103,,,,,,,,
"202,000",84.95,202103,,,,,,,,
"160,000",120.4,202103,,,,,,,,
"115,000",60.72,202103,,,,,,,,
"122,000",59.88,202103,,,,,,,,
"100,000",50,202103,,,,,,,,
"120,000",58.46,202103,,,,,,,,
"157,000",59.968,202103,,,,,,,,
"190,000",84.99,202103,,,,,,,,
"18,500",24.95,202103,,,,,,,,
"97,500",43.79,202103,,,,,,,,
"106,000",84.99,202103,,,,,,,,
"132,000",59.92,202103,,,,,,,,
"129,000",59.92,202103,,,,,,,,
"97,000",43.79,202103,,,,,,,,
"115,000",59.94,202103,,,,,,,,
"214,000",84.98,202103,,,,,,,,
"144,000",84.42,202103,,,,,,,,
"115,000",60.72,202103,,,,,,,,
"95,000",82.16,202103,,,,,,,,
"48,000",65.62,202103,,,,,,,,
"63,000",35.46,202103,,,,,,,,
"252,000",158.705,202103,,,,,,,,
"190,000",84.705,202103,,,,,,,,
"126,000",77.68,202103,,,,,,,,
"52,000",59.71,202103,,,,,,,,
"180,000",170.7,202103,,,,,,,,
"157,000",84.9648,202103,,,,,,,,
"145,000",84.9648,202103,,,,,,,,
"81,500",59.94,202103,,,,,,,,
"192,500",84.705,202103,,,,,,,,
"184,500",84.9072,202103,,,,,,,,
"52,000",25.65,202103,,,,,,,,
"215,000",117.585,202103,,,,,,,,
"285,000",192.235,202103,,,,,,,,
"261,500",158.705,202103,,,,,,,,
"250,000",158.705,202103,,,,,,,,
"54,000",25.65,202103,,,,,,,,
"173,000",120.97,202103,,,,,,,,
"230,000",136.325,202103,,,,,,,,
"290,000",192.235,202103,,,,,,,,
"145,000",84.92,202103,,,,,,,,
"108,000",51.82,202103,,,,,,,,
"245,000",121.23,202103,,,,,,,,
"245,000",121.23,202103,,,,,,,,
"189,000",125.075,202103,,,,,,,,
"305,000",163.44,202103,,,,,,,,
"50,000",80.09,202103,,,,,,,,
"26,800",23.43,202103,,,,,,,,
"208,000",83.06,202103,,,,,,,,
"200,000",83.06,202103,,,,,,,,
"33,500",38.22,202103,,,,,,,,
"104,000",71.26,202103,,,,,,,,
"154,000",143.82,202103,,,,,,,,
"100,000",73.59,202103,,,,,,,,
"175,000",125.79,202103,,,,,,,,
"98,000",59.9823,202103,,,,,,,,
"57,000",84.89,202103,,,,,,,,
"104,000",59.9823,202103,,,,,,,,
"101,500",59.9823,202103,,,,,,,,
"104,500",59.9823,202103,,,,,,,,
"101,000",60,202103,,,,,,,,
"105,700",59.9823,202103,,,,,,,,
"199,000",130.93,202103,,,,,,,,
"72,000",84.44,202103,,,,,,,,
"220,000",170.32,202103,,,,,,,,
"85,000",45.77,202103,,,,,,,,
"100,000",59.9823,202103,,,,,,,,
"104,300",59.9823,202103,,,,,,,,
"129,000",134.88,202103,,,,,,,,
"64,700",39.6,202103,,,,,,,,
"89,500",59.74,202103,,,,,,,,
"64,000",39.6,202103,,,,,,,,
"117,500",104.04,202103,,,,,,,,
"95,250",84.94,202103,,,,,,,,
"64,750",39.6,202103,,,,,,,,
"67,000",39.6,202103,,,,,,,,
"93,000",59.73,202103,,,,,,,,
"65,000",39.6,202103,,,,,,,,
"93,000",59.73,202103,,,,,,,,
"95,000",104.5,202103,,,,,,,,
"67,500",39.6,202103,,,,,,,,
"93,000",59.73,202103,,,,,,,,
"64,400",39.6,202103,,,,,,,,
"87,000",49.8,202103,,,,,,,,
"89,000",82.96,202103,,,,,,,,
"94,500",84.94,202103,,,,,,,,
"82,650",49.8,202103,,,,,,,,
"88,500",84.96,202103,,,,,,,,
"94,000",82.96,202103,,,,,,,,
"84,500",79.07,202103,,,,,,,,
"75,000",70.42,202103,,,,,,,,
"100,000",84.96,202103,,,,,,,,
"280,000",99.385,202104,,,,,,,,
"92,500",27.68,202104,,,,,,,,
"182,000",59.88,202104,,,,,,,,
"207,000",84.97,202104,,,,,,,,
"247,350",82.61,202104,,,,,,,,
"305,000",124.22,202104,,,,,,,,
"295,000",122.785,202104,,,,,,,,
"181,000",80.39,202104,,,,,,,,
"230,000",84.99,202104,,,,,,,,
"285,000",99.385,202104,,,,,,,,
"230,000",84.99,202104,,,,,,,,
"238,300",76.5,202104,,,,,,,,
"241,000",76.5,202104,,,,,,,,
"356,000",151.008,202104,,,,,,,,
"268,100",82.61,202104,,,,,,,,
"150,000",82.06,202104,,,,,,,,
"181,000",115.83,202104,,,,,,,,
"170,000",59.97,202104,,,,,,,,
"226,000",84.99,202104,,,,,,,,
"220,000",131.08,202104,,,,,,,,
"250,000",76.5,202104,,,,,,,,
"246,300",76.5,202104,,,,,,,,
"242,100",81.75,202104,,,,,,,,
"31,500",19.7,202104,,,,,,,,
"207,000",84.97,202104,,,,,,,,
"118,000",27.68,202104,,,,,,,,
"278,100",82.61,202104,,,,,,,,
"210,000",84.9,202104,,,,,,,,
"212,000",84.9,202104,,,,,,,,
"170,000",59.95,202104,,,,,,,,
"230,000",155.22,202104,,,,,,,,
"200,000",84.9,202104,,,,,,,,
"225,000",166.7,202104,,,,,,,,
"104,500",52.51,202104,,,,,,,,
"200,000",120.61,202104,,,,,,,,
"220,000",82.45,202104,,,,,,,,
"220,000",166.7,202104,,,,,,,,
"99,500",35.24,202104,,,,,,,,
"220,000",121.63,202104,,,,,,,,
"200,000",84.79,202104,,,,,,,,
"205,000",84.9,202104,,,,,,,,
"205,000",84.9,202104,,,,,,,,
"206,500",84.9,202104,,,,,,,,
"170,000",119.58,202104,,,,,,,,
"210,000",110.72,202104,,,,,,,,
"188,500",71.2,202104,,,,,,,,
"98,500",35.24,202104,,,,,,,,
"260,000",120,202104,,,,,,,,
"411,000",244.75,202104,,,,,,,,
"213,000",82.45,202104,,,,,,,,
"72,500",43.2,202104,,,,,,,,
"180,000",75.91,202104,,,,,,,,
"105,000",58.11,202104,,,,,,,,
"72,000",57.24,202104,,,,,,,,
"173,000",75.91,202104,,,,,,,,
"145,000",83.02,202104,,,,,,,,
"114,000",83.02,202104,,,,,,,,
"119,700",84.97,202104,,,,,,,,
"104,000",59.975,202104,,,,,,,,
"64,000",49.14,202104,,,,,,,,
"112,000",84.43,202104,,,,,,,,
"90,400",59.975,202104,,,,,,,,
"95,000",59.26,202104,,,,,,,,
"125,000",84.85,202104,,,,,,,,
"109,000",59.975,202104,,,,,,,,
"180,000",116.94,202104,,,,,,,,
"148,000",120.57,202104,,,,,,,,
"32,800",29.23,202104,,,,,,,,
"191,500",158.61,202104,,,,,,,,
"180,000",158.61,202104,,,,,,,,
"154,000",149.89,202104,,,,,,,,
"158,000",139.64,202104,,,,,,,,
"26,200",15.8307,202104,,,,,,,,
"50,000",64.35,202104,,,,,,,,
"98,850",59.97,202104,,,,,,,,
"96,500",43.79,202104,,,,,,,,
"170,000",59.96,202104,,,,,,,,
"196,000",84.95,202104,,,,,,,,
"204,000",84.99,202104,,,,,,,,
"98,000",43.79,202104,,,,,,,,
"145,000",72.88,202104,,,,,,,,
"168,000",59.96,202104,,,,,,,,
"100,000",59.99,202104,,,,,,,,
"203,000",84.96,202104,,,,,,,,
"119,000",59.91,202104,,,,,,,,
"210,000",84.98,202104,,,,,,,,
"200,000",84.98,202104,,,,,,,,
"130,000",58.46,202104,,,,,,,,
"230,000",99.6,202104,,,,,,,,
"17,800",26.12,202104,,,,,,,,
"96,000",43.79,202104,,,,,,,,
"96,000",43.79,202104,,,,,,,,
"143,800",99.38,202104,,,,,,,,
"165,000",127.75,202104,,,,,,,,
"159,500",163.807,202104,,,,,,,,
"210,000",84.98,202104,,,,,,,,
"84,500",75.29,202104,,,,,,,,
"169,000",59.96,202104,,,,,,,,
"170,000",59.96,202104,,,,,,,,
"120,800",39.86,202104,,,,,,,,
"188,000",84.96,202104,,,,,,,,
"203,000",84.98,202104,,,,,,,,
"258,000",110.44,202104,,,,,,,,
"69,800",84.84,202104,,,,,,,,
"200,000",84.99,202104,,,,,,,,
"229,500",99.6,202104,,,,,,,,
"205,000",84.95,202104,,,,,,,,
"102,500",84.99,202104,,,,,,,,
"210,000",84.95,202104,,,,,,,,
"165,000",59.96,202104,,,,,,,,
"209,000",84.98,202104,,,,,,,,
"205,000",84.98,202104,,,,,,,,
"127,000",39.12,202104,,,,,,,,
"175,000",59.96,202104,,,,,,,,
"133,000",99.38,202104,,,,,,,,
"213,000",84.99,202104,,,,,,,,
"178,000",59.96,202104,,,,,,,,
"214,000",84.99,202104,,,,,,,,
"111,500",39.1,202104,,,,,,,,
"133,900",84.11,202104,,,,,,,,
"18,300",25.32,202104,,,,,,,,
"47,000",48.8,202104,,,,,,,,
"99,500",39.12,202104,,,,,,,,
"202,500",84.98,202104,,,,,,,,
"17,500",25.05,202104,,,,,,,,
"50,000",65.99,202104,,,,,,,,
"213,000",84.97,202104,,,,,,,,
"69,500",35.46,202104,,,,,,,,
"80,000",54.6,202104,,,,,,,,
"84,500",39.69,202104,,,,,,,,
"120,000",84.82,202104,,,,,,,,
"94,000",81.43,202104,,,,,,,,
"200,000",136.325,202104,,,,,,,,
"228,000",136.325,202104,,,,,,,,
"89,000",59.91,202104,,,,,,,,
"84,800",39.69,202104,,,,,,,,
"84,800",39.69,202104,,,,,,,,
"54,000",25.65,202104,,,,,,,,
"225,000",136.325,202104,,,,,,,,
"225,000",136.325,202104,,,,,,,,
"114,000",59.84,202104,,,,,,,,
"161,800",84.9648,202104,,,,,,,,
"164,500",84.9072,202104,,,,,,,,
"83,000",39.69,202104,,,,,,,,
"230,000",158.705,202104,,,,,,,,
"139,500",84.98,202104,,,,,,,,
"144,000",84.92,202104,,,,,,,,
"106,700",51.77,202104,,,,,,,,
"106,500",51.77,202104,,,,,,,,
"176,000",101.8,202104,,,,,,,,
"138,300",59.66,202104,,,,,,,,
"106,500",51.82,202104,,,,,,,,
"145,000",84.93,202104,,,,,,,,
"145,000",84.93,202104,,,,,,,,
"133,500",84.95,202104,,,,,,,,
"152,000",84.95,202104,,,,,,,,
"28,500",38.7,202104,,,,,,,,
"30,000",38.22,202104,,,,,,,,
"197,000",83.06,202104,,,,,,,,
"64,000",59.3,202104,,,,,,,,
"202,000",83.06,202104,,,,,,,,
"208,500",83.06,202104,,,,,,,,
"295,000",131.76,202104,,,,,,,,
"209,000",83.06,202104,,,,,,,,
"135,000",136.71,202104,,,,,,,,
"56,500",58.38,202104,,,,,,,,
"148,000",176.37,202104,,,,,,,,
"203,000",83.06,202104,,,,,,,,
"295,000",148.77,202104,,,,,,,,
"149,500",84.95,202104,,,,,,,,
"234,000",100.31,202104,,,,,,,,
"212,000",83.06,202104,,,,,,,,
"217,000",100.31,202104,,,,,,,,
"25,600",17.58,202104,,,,,,,,
"205,000",83.06,202104,,,,,,,,
"222,700",100.31,202104,,,,,,,,
"205,000",83.06,202104,,,,,,,,
"310,000",135.99,202104,,,,,,,,
"79,500",100.76,202104,,,,,,,,
"155,000",84.91,202104,,,,,,,,
"128,000",84.98,202104,,,,,,,,
"107,500",59.9823,202104,,,,,,,,
"100,500",59.9823,202104,,,,,,,,
"155,000",106.61,202104,,,,,,,,
"177,000",125.79,202104,,,,,,,,
"94,300",73.59,202104,,,,,,,,
"115,000",84.82,202104,,,,,,,,
"174,500",84.98,202104,,,,,,,,
"83,500",71.26,202104,,,,,,,,
"109,500",59.9823,202104,,,,,,,,
"96,000",47.88,202104,,,,,,,,
"152,000",101.4632,202104,,,,,,,,
"62,000",84.44,202104,,,,,,,,
"105,000",73.59,202104,,,,,,,,
"202,000",130.93,202104,,,,,,,,
"132,000",84.9703,202104,,,,,,,,
"118,000",105.2,202104,,,,,,,,
"84,000",49.8,202104,,,,,,,,
"146,000",134.88,202104,,,,,,,,
"80,500",49.8,202104,,,,,,,,
"65,000",39.6,202104,,,,,,,,
"86,500",49.8,202104,,,,,,,,
"50,800",49.8,202104,,,,,,,,
"100,000",82.96,202104,,,,,,,,
"84,500",49.8,202104,,,,,,,,
"84,500",49.8,202104,,,,,,,,
"67,000",39.6,202104,,,,,,,,
"94,000",82.96,202104,,,,,,,,
"107,000",84.86,202104,,,,,,,,
"77,000",51.764,202104,,,,,,,,
"53,200",43.45,202104,,,,,,,,
"76,100",82.13,202104,,,,,,,,
"55,800",46.05,202104,,,,,,,,
"112,300",84.86,202104,,,,,,,,
"137,500",81.04,202105,,,,,,,,
"137,500",81.04,202105,,,,,,,,
"190,000",84.82,202105,,,,,,,,
"145,000",143.7984,202105,,,,,,,,
"224,500",84.83,202105,,,,,,,,
"214,000",96.65,202105,,,,,,,,
"108,000",27.68,202105,,,,,,,,
"285,000",135.82,202105,,,,,,,,
"104,000",27.68,202105,,,,,,,,
"100,000",27.68,202105,,,,,,,,
"194,000",59.96,202105,,,,,,,,
"281,100",82.51,202105,,,,,,,,
"249,800",76.5,202105,,,,,,,,
"111,500",27.68,202105,,,,,,,,
"220,000",84.95,202105,,,,,,,,
"210,000",84.82,202105,,,,,,,,
"211,000",84.82,202105,,,,,,,,
"218,000",84.82,202105,,,,,,,,
"270,000",136.34,202105,,,,,,,,
"188,500",59.96,202105,,,,,,,,
"250,000",76.5,202105,,,,,,,,
"180,000",96.65,202105,,,,,,,,
"209,000",138.561,202105,,,,,,,,
"166,500",84.445,202105,,,,,,,,
"210,000",84.95,202105,,,,,,,,
"298,000",124.22,202105,,,,,,,,
"181,000",59.97,202105,,,,,,,,
"265,000",135.82,202105,,,,,,,,
"230,000",84.99,202105,,,,,,,,
"269,000",131.08,202105,,,,,,,,
"99,000",27.68,202105,,,,,,,,
"237,500",84.99,202105,,,,,,,,
"225,000",84.83,202105,,,,,,,,
"194,000",71.2,202105,,,,,,,,
"220,000",82.45,202105,,,,,,,,
"259,000",187.65,202105,,,,,,,,
"250,000",190.63,202105,,,,,,,,
"280,000",144.77,202105,,,,,,,,
"110,000",52.51,202105,,,,,,,,
"270,000",187.65,202105,,,,,,,,
"68,000",31.5,202105,,,,,,,,
"230,000",208.28,202105,,,,,,,,
"235,000",99,202105,,,,,,,,
"230,000",84.97,202105,,,,,,,,
"247,500",166.7,202105,,,,,,,,
"195,000",112.25,202105,,,,,,,,
"263,000",121.63,202105,,,,,,,,
"108,000",52.51,202105,,,,,,,,
"99,500",35.24,202105,,,,,,,,
"95,200",41.99,202105,,,,,,,,
"285,000",144.77,202105,,,,,,,,
"104,000",59.26,202105,,,,,,,,
"145,000",116.965,202105,,,,,,,,
"118,000",79.945,202105,,,,,,,,
"72,500",43.2,202105,,,,,,,,
"104,500",59.26,202105,,,,,,,,
"90,500",59.4,202105,,,,,,,,
"98,500",84.63,202105,,,,,,,,
"128,000",84.97,202105,,,,,,,,
"117,000",83.02,202105,,,,,,,,
"76,800",43.2,202105,,,,,,,,
"90,000",75.44,202105,,,,,,,,
"99,000",59.69,202105,,,,,,,,
"71,000",49.14,202105,,,,,,,,
"184,500",84.99,202105,,,,,,,,
"71,500",49.14,202105,,,,,,,,
"83,300",84.44,202105,,,,,,,,
"159,800",59.97,202105,,,,,,,,
"125,000",87.98,202105,,,,,,,,
"170,000",105.52,202105,,,,,,,,
"103,000",59.91,202105,,,,,,,,
"157,000",64.99,202105,,,,,,,,
"167,000",105.99,202105,,,,,,,,
"13,950",18.4,202105,,,,,,,,
"128,000",58.98,202105,,,,,,,,
"104,400",56.6,202105,,,,,,,,
"105,000",59.91,202105,,,,,,,,
"105,000",59.91,202105,,,,,,,,
"182,500",126.4,202105,,,,,,,,
"203,500",146.96,202105,,,,,,,,
"146,500",129.32,202105,,,,,,,,
"23,500",15.8307,202105,,,,,,,,
"80,000",84.27,202105,,,,,,,,
"66,000",69.3,202105,,,,,,,,
"69,500",77.01,202105,,,,,,,,
"69,000",79.07,202105,,,,,,,,
"104,000",59.24,202105,,,,,,,,
"220,000",84.98,202105,,,,,,,,
"133,500",84.11,202105,,,,,,,,
"102,000",43.79,202105,,,,,,,,
"130,500",58.46,202105,,,,,,,,
"158,000",84.69,202105,,,,,,,,
"148,000",85,202105,,,,,,,,
"138,000",84.53,202105,,,,,,,,
"250,000",110.44,202105,,,,,,,,
"174,500",59.96,202105,,,,,,,,
"195,000",84.98,202105,,,,,,,,
"102,800",43.79,202105,,,,,,,,
"150,000",180.516,202105,,,,,,,,
"118,000",183,202105,,,,,,,,
"143,600",49.29,202105,,,,,,,,
"108,000",39.1,202105,,,,,,,,
"160,000",84.69,202105,,,,,,,,
"248,000",110.44,202105,,,,,,,,
"127,000",59.92,202105,,,,,,,,
"215,000",84.98,202105,,,,,,,,
"195,500",84.96,202105,,,,,,,,
"122,500",103.96,202105,,,,,,,,
"209,500",84.98,202105,,,,,,,,
"179,000",59.96,202105,,,,,,,,
"218,000",84.95,202105,,,,,,,,
"214,000",84.98,202105,,,,,,,,
"45,000",55.62,202105,,,,,,,,
"182,200",59.96,202105,,,,,,,,
"200,000",84.96,202105,,,,,,,,
"228,000",99.6,202105,,,,,,,,
"238,200",99.6,202105,,,,,,,,
"215,000",84.98,202105,,,,,,,,
"122,000",59.92,202105,,,,,,,,
"199,000",84.95,202105,,,,,,,,
"174,000",59.96,202105,,,,,,,,
"130,700",59.91,202105,,,,,,,,
"151,500",49.21,202105,,,,,,,,
"208,000",84.99,202105,,,,,,,,
"134,000",84.11,202105,,,,,,,,
"100,000",59.92,202105,,,,,,,,
"132,000",59.92,202105,,,,,,,,
"23,000",33.15,202105,,,,,,,,
"203,000",84.99,202105,,,,,,,,
"120,000",39.86,202105,,,,,,,,
"128,000",59.92,202105,,,,,,,,
"112,000",39.86,202105,,,,,,,,
"21,600",33.15,202105,,,,,,,,
"129,500",59.92,202105,,,,,,,,
"105,000",43.79,202105,,,,,,,,
"120,000",84.8,202105,,,,,,,,
"190,000",84.99,202105,,,,,,,,
"22,000",31,202105,,,,,,,,
"148,000",84.85,202105,,,,,,,,
"134,500",84.42,202105,,,,,,,,
"17,900",25.05,202105,,,,,,,,
"80,000",157.06,202105,,,,,,,,
"219,000",84.98,202105,,,,,,,,
"195,000",84.751,202105,,,,,,,,
"220,000",136.325,202105,,,,,,,,
"170,000",84.9725,202105,,,,,,,,
"290,000",192.235,202105,,,,,,,,
"60,000",25.65,202105,,,,,,,,
"78,000",39.69,202105,,,,,,,,
"223,000",136.325,202105,,,,,,,,
"160,000",84.9725,202105,,,,,,,,
"145,000",84.39,202105,,,,,,,,
"87,900",59.91,202105,,,,,,,,
"190,000",84.705,202105,,,,,,,,
"52,000",49.54,202105,,,,,,,,
"176,000",120.97,202105,,,,,,,,
"176,000",120.97,202105,,,,,,,,
"145,000",84.39,202105,,,,,,,,
"82,000",39.69,202105,,,,,,,,
"220,000",136.325,202105,,,,,,,,
"236,000",136.325,202105,,,,,,,,
"91,900",81.43,202105,,,,,,,,
"217,800",117.585,202105,,,,,,,,
"144,000",84.39,202105,,,,,,,,
"230,000",136.325,202105,,,,,,,,
"145,000",84.9,202105,,,,,,,,
"134,500",59.66,202105,,,,,,,,
"115,000",59.85,202105,,,,,,,,
"108,200",51.77,202105,,,,,,,,
"133,000",84.95,202105,,,,,,,,
"161,000",84.76,202105,,,,,,,,
"105,000",51.77,202105,,,,,,,,
"201,000",114.9525,202105,,,,,,,,
"230,000",152.441,202105,,,,,,,,
"130,000",59.95,202105,,,,,,,,
"120,000",51.77,202105,,,,,,,,
"142,000",84.93,202105,,,,,,,,
"125,000",84.94,202105,,,,,,,,
"140,000",87.8354,202105,,,,,,,,
"129,000",84.95,202105,,,,,,,,
"127,500",84.95,202105,,,,,,,,
"183,500",97.5836,202105,,,,,,,,
"145,500",84.98,202105,,,,,,,,
"139,000",84.93,202105,,,,,,,,
"140,000",59.85,202105,,,,,,,,
"145,750",84.93,202105,,,,,,,,
"135,500",84.93,202105,,,,,,,,
"119,000",59.93,202105,,,,,,,,
"117,500",51.77,202105,,,,,,,,
"140,000",59.85,202105,,,,,,,,
"109,000",51.96,202105,,,,,,,,
"30,700",38.22,202105,,,,,,,,
"228,000",100.82,202105,,,,,,,,
"71,000",114.98,202105,,,,,,,,
"204,000",83.06,202105,,,,,,,,
"298,000",131.76,202105,,,,,,,,
"149,000",84.95,202105,,,,,,,,
"25,000",17.729,202105,,,,,,,,
"205,000",83.06,202105,,,,,,,,
"184,000",125.075,202105,,,,,,,,
"220,000",83.06,202105,,,,,,,,
"195,000",100.31,202105,,,,,,,,
"42,400",39.81,202105,,,,,,,,
"73,500",73.13,202105,,,,,,,,
"33,500",23.02,202105,,,,,,,,
"37,300",33.69,202105,,,,,,,,
"208,000",83.06,202105,,,,,,,,
"59,500",84.6,202105,,,,,,,,
"202,300",83.06,202105,,,,,,,,
"115,000",59.9823,202105,,,,,,,,
"105,500",60,202105,,,,,,,,
"86,500",54.943,202105,,,,,,,,
"144,000",101.4632,202105,,,,,,,,
"138,800",84.94,202105,,,,,,,,
"128,000",143.82,202105,,,,,,,,
"108,700",59.9823,202105,,,,,,,,
"100,000",60,202105,,,,,,,,
"142,500",84.99,202105,,,,,,,,
"108,000",60,202105,,,,,,,,
"170,000",125.79,202105,,,,,,,,
"85,000",49.8,202105,,,,,,,,
"69,500",39.6,202105,,,,,,,,
"70,000",39.6,202105,,,,,,,,
"70,000",39.6,202105,,,,,,,,
"62,500",39.6,202105,,,,,,,,
"139,000",134.88,202105,,,,,,,,
"95,000",59.74,202105,,,,,,,,
"62,000",39.6,202105,,,,,,,,
"98,000",59.73,202105,,,,,,,,
"96,500",82.96,202105,,,,,,,,
"114,000",74.83,202105,,,,,,,,
"114,000",74.83,202105,,,,,,,,
"88,000",49.8,202105,,,,,,,,
"90,000",84.94,202105,,,,,,,,
"80,500",49.8,202105,,,,,,,,
"99,000",82.96,202105,,,,,,,,
"90,000",59.74,202105,,,,,,,,
"88,000",49.8,202105,,,,,,,,
"90,000",84.96,202105,,,,,,,,
"72,000",39.6,202105,,,,,,,,
"91,000",49.8,202105,,,,,,,,
"110,000",84.86,202105,,,,,,,,
"112,000",84.86,202105,,,,,,,,
"113,000",84.13,202105,,,,,,,,
"75,000",55.32,202105,,,,,,,,
"78,000",51.764,202105,,,,,,,,
"84,000",82.13,202105,,,,,,,,
"95,000",84.96,202105,,,,,,,,
"94,000",84.13,202105,,,,,,,,
"75,000",70.54,202105,,,,,,,,
"114,000",84.86,202105,,,,,,,,
"179,000",95.84,202106,,,,,,,,
"270,000",82.51,202106,,,,,,,,
"125,000",59.23,202106,,,,,,,,
"222,000",84.83,202106,,,,,,,,
"180,000",80.35,202106,,,,,,,,
"99,300",27.68,202106,,,,,,,,
"274,000",116.19,202106,,,,,,,,
"232,500",84.83,202106,,,,,,,,
"174,800",59.97,202106,,,,,,,,
"246,050",76.5,202106,,,,,,,,
"104,000",27.68,202106,,,,,,,,
"233,000",84.99,202106,,,,,,,,
"110,000",27.68,202106,,,,,,,,
"101,500",27.68,202106,,,,,,,,
"101,000",27.68,202106,,,,,,,,
"300,000",119.93,202106,,,,,,,,
"340,000",134.485,202106,,,,,,,,
"245,500",76.5,202106,,,,,,,,
"258,000",123.291,202106,,,,,,,,
"225,000",84.83,202106,,,,,,,,
"31,000",19.7,202106,,,,,,,,
"110,000",52.51,202106,,,,,,,,
"198,000",71.2,202106,,,,,,,,
"69,500",41.99,202106,,,,,,,,
"230,000",82.45,202106,,,,,,,,
"360,000",244.98,202106,,,,,,,,
"214,000",84.79,202106,,,,,,,,
"220,000",82.45,202106,,,,,,,,
"103,500",35.24,202106,,,,,,,,
"235,000",99,202106,,,,,,,,
"220,000",84.79,202106,,,,,,,,
"295,000",134.16,202106,,,,,,,,
"258,000",144.77,202106,,,,,,,,
"227,000",84.79,202106,,,,,,,,
"245,000",99,202106,,,,,,,,
"270,000",120,202106,,,,,,,,
"89,900",110.48,202106,,,,,,,,
"63,500",40.95,202106,,,,,,,,
"121,000",80.15,202106,,,,,,,,
"133,000",84.96,202106,,,,,,,,
"85,000",84.76,202106,,,,,,,,
"96,000",84.42,202106,,,,,,,,
"113,000",59.78,202106,,,,,,,,
"106,200",59.91,202106,,,,,,,,
"146,000",84.92,202106,,,,,,,,
"163,000",64.99,202106,,,,,,,,
"61,500",70.55,202106,,,,,,,,
"163,300",84.95,202106,,,,,,,,
"158,500",53.36,202106,,,,,,,,
"75,500",83.04,202106,,,,,,,,
"194,000",137.1,202106,,,,,,,,
"34,000",29.25,202106,,,,,,,,
"215,000",146.96,202106,,,,,,,,
"24,800",15.8307,202106,,,,,,,,
"51,000",64.35,202106,,,,,,,,
"170,000",129.45,202106,,,,,,,,
"48,700",58.5,202106,,,,,,,,
"210,000",84.99,202106,,,,,,,,
"182,000",59.96,202106,,,,,,,,
"168,000",59.96,202106,,,,,,,,
"149,000",85,202106,,,,,,,,
"149,000",85,202106,,,,,,,,
"53,000",67.03,202106,,,,,,,,
"132,000",59.92,202106,,,,,,,,
"77,000",84.78,202106,,,,,,,,
"199,000",84.99,202106,,,,,,,,
"122,000",84.8,202106,,,,,,,,
"134,000",59.92,202106,,,,,,,,
"107,500",43.79,202106,,,,,,,,
"228,000",99.6,202106,,,,,,,,
"124,000",39.1,202106,,,,,,,,
"209,000",84.98,202106,,,,,,,,
"149,000",72.88,202106,,,,,,,,
"185,000",59.96,202106,,,,,,,,
"130,000",59.92,202106,,,,,,,,
"228,000",84.98,202106,,,,,,,,
"213,000",84.98,202106,,,,,,,,
"107,000",84.35,202106,,,,,,,,
"107,000",84.35,202106,,,,,,,,
"135,000",59.92,202106,,,,,,,,
"135,000",58.46,202106,,,,,,,,
"160,000",84.69,202106,,,,,,,,
"265,000",110.66,202106,,,,,,,,
"132,000",59.92,202106,,,,,,,,
"165,000",163.807,202106,,,,,,,,
"209,000",84.98,202106,,,,,,,,
"99,500",59.97,202106,,,,,,,,
"75,000",84.83,202106,,,,,,,,
"148,000",85,202106,,,,,,,,
"218,000",84.95,202106,,,,,,,,
"64,000",84.81,202106,,,,,,,,
"200,000",84.99,202106,,,,,,,,
"177,000",120.97,202106,,,,,,,,
"228,000",136.325,202106,,,,,,,,
"84,500",39.69,202106,,,,,,,,
"168,500",84.96,202106,,,,,,,,
"224,000",117.585,202106,,,,,,,,
"234,000",136.325,202106,,,,,,,,
"165,000",123.61,202106,,,,,,,,
"85,000",39.69,202106,,,,,,,,
"175,000",123.61,202106,,,,,,,,
"158,000",84.9648,202106,,,,,,,,
"169,500",84.9725,202106,,,,,,,,
"145,000",84.95,202106,,,,,,,,
"134,000",59.97,202106,,,,,,,,
"114,000",51.77,202106,,,,,,,,
"130,000",59.95,202106,,,,,,,,
"138,000",59.63,202106,,,,,,,,
"133,000",59.97,202106,,,,,,,,
"129,000",59.85,202106,,,,,,,,
"140,000",84.94,202106,,,,,,,,
"148,000",84.94,202106,,,,,,,,
"125,000",59.73,202106,,,,,,,,
"114,000",51.77,202106,,,,,,,,
"149,500",84.93,202106,,,,,,,,
"127,000",59.73,202106,,,,,,,,
"134,500",84.93,202106,,,,,,,,
"180,000",101.38,202106,,,,,,,,
"165,000",84.92,202106,,,,,,,,
"137,000",59.73,202106,,,,,,,,
"160,000",73.14,202106,,,,,,,,
"335,000",163.44,202106,,,,,,,,
"210,000",83.06,202106,,,,,,,,
"199,500",126.9,202106,,,,,,,,
"230,000",100.31,202106,,,,,,,,
"33,000",38.7,202106,,,,,,,,
"34,500",23.93,202106,,,,,,,,
"213,000",83.06,202106,,,,,,,,
"123,300",84.3,202106,,,,,,,,
"35,500",24.03,202106,,,,,,,,
"35,400",23.93,202106,,,,,,,,
"213,000",83.06,202106,,,,,,,,
"277,000",121.23,202106,,,,,,,,
"59,000",31,202106,,,,,,,,
"183,000",84.98,202106,,,,,,,,
"160,000",101.4632,202106,,,,,,,,
"87,000",54.943,202106,,,,,,,,
"139,500",84.82,202106,,,,,,,,
"93,000",45.77,202106,,,,,,,,
"118,800",59.9823,202106,,,,,,,,
"164,000",101.4632,202106,,,,,,,,
"150,000",84.1625,202106,,,,,,,,
"60,000",31,202106,,,,,,,,
"86,500",54.943,202106,,,,,,,,
"88,000",54.943,202106,,,,,,,,
"160,000",106.61,202106,,,,,,,,
"93,500",49.8,202106,,,,,,,,
"131,000",84.91,202106,,,,,,,,
"69,700",39.6,202106,,,,,,,,
"106,000",59.73,202106,,,,,,,,
"70,000",39.6,202106,,,,,,,,
"103,000",84.94,202106,,,,,,,,
"75,000",39.6,202106,,,,,,,,
"130,000",101.95,202106,,,,,,,,
"86,700",59.91,202106,,,,,,,,
"93,000",79.07,202106,,,,,,,,
"90,000",57.57,202106,,,,,,,,
"89,500",84.71,202106,,,,,,,,
"77,000",84.8,202106,,,,,,,,
"90,800",57.57,202106,,,,,,,,
"119,000",84.79,202106,,,,,,,,
"121,000",84.99,202106,,,,,,,,
"227,000",84.82,202107,,,,,,,,
"239,000",84.8,202107,,,,,,,,
"282,800",82.51,202107,,,,,,,,
"179,000",59.97,202107,,,,,,,,
"250,050",76.5,202107,,,,,,,,
"250,050",76.5,202107,,,,,,,,
"286,500",99.385,202107,,,,,,,,
"190,000",59.96,202107,,,,,,,,
"334,000",176.034,202107,,,,,,,,
"248,000",76.5,202107,,,,,,,,
"195,000",59.96,202107,,,,,,,,
"240,000",84.99,202107,,,,,,,,
"285,800",82.51,202107,,,,,,,,
"300,000",135.82,202107,,,,,,,,
"223,000",84.82,202107,,,,,,,,
"279,800",82.61,202107,,,,,,,,
"304,000",135.82,202107,,,,,,,,
"96,000",84.68,202107,,,,,,,,
"170,000",143.7984,202107,,,,,,,,
"284,000",82.61,202107,,,,,,,,
"248,050",76.5,202107,,,,,,,,
"190,000",59.96,202107,,,,,,,,
"244,000",123.291,202107,,,,,,,,
"250,800",76.5,202107,,,,,,,,
"228,000",84.8,202107,,,,,,,,
"190,000",59.99,202107,,,,,,,,
"245,000",84.99,202107,,,,,,,,
"214,500",84.82,202107,,,,,,,,
"197,000",148.15,202107,,,,,,,,
"179,000",59.86,202107,,,,,,,,
"290,000",134.16,202107,,,,,,,,
"179,000",59.95,202107,,,,,,,,
"210,000",148.15,202107,,,,,,,,
"180,000",59.95,202107,,,,,,,,
"188,000",142.17,202107,,,,,,,,
"179,000",59.86,202107,,,,,,,,
"242,000",84.97,202107,,,,,,,,
"223,000",84.79,202107,,,,,,,,
"277,000",120,202107,,,,,,,,
"287,500",144.77,202107,,,,,,,,
"230,500",186.46,202107,,,,,,,,
"178,000",59.95,202107,,,,,,,,
"113,000",52.51,202107,,,,,,,,
"226,000",82.45,202107,,,,,,,,
"224,000",84.9,202107,,,,,,,,
"196,000",84.9,202107,,,,,,,,
"224,000",84.79,202107,,,,,,,,
"226,000",84.79,202107,,,,,,,,
"248,000",99,202107,,,,,,,,
"215,000",84.9,202107,,,,,,,,
"293,000",134.16,202107,,,,,,,,
"271,000",121.63,202107,,,,,,,,
"222,000",84.79,202107,,,,,,,,
"266,000",121.63,202107,,,,,,,,
"270,000",190.63,202107,,,,,,,,
"240,000",166.7,202107,,,,,,,,
"259,000",187.65,202107,,,,,,,,
"200,000",71.2,202107,,,,,,,,
"224,000",82.45,202107,,,,,,,,
"90,000",59.78,202107,,,,,,,,
"114,500",84.96,202107,,,,,,,,
"79,500",43.2,202107,,,,,,,,
"72,700",84.07,202107,,,,,,,,
"98,000",84.63,202107,,,,,,,,
"109,000",59.26,202107,,,,,,,,
"129,000",84.76,202107,,,,,,,,
"183,000",75.99,202107,,,,,,,,
"104,800",59.975,202107,,,,,,,,
"83,500",60,202107,,,,,,,,
"78,000",43.2,202107,,,,,,,,
"137,000",84.38,202107,,,,,,,,
"133,000",84.85,202107,,,,,,,,
"116,000",59.975,202107,,,,,,,,
"156,000",114.76,202107,,,,,,,,
"163,000",79.7,202107,,,,,,,,
"164,000",64.99,202107,,,,,,,,
"149,000",84.92,202107,,,,,,,,
"108,000",59.78,202107,,,,,,,,
"163,750",84.828,202107,,,,,,,,
"166,000",71.73,202107,,,,,,,,
"159,000",64.66,202107,,,,,,,,
"163,000",79.7,202107,,,,,,,,
"193,000",108.338,202107,,,,,,,,
"155,000",64.26,202107,,,,,,,,
"156,000",53.36,202107,,,,,,,,
"185,000",116.94,202107,,,,,,,,
"158,000",79.7,202107,,,,,,,,
"157,500",53.36,202107,,,,,,,,
"194,000",137.28,202107,,,,,,,,
"49,000",33.6891,202107,,,,,,,,
"52,000",66.59,202107,,,,,,,,
"137,000",84.87,202107,,,,,,,,
"105,000",84.94,202107,,,,,,,,
"29,500",15.8307,202107,,,,,,,,
"134,000",59.86,202107,,,,,,,,
"27,500",15.8307,202107,,,,,,,,
"54,000",33.6891,202107,,,,,,,,
"85,500",51.2,202107,,,,,,,,
"140,000",84.38,202107,,,,,,,,
"71,000",75.42,202107,,,,,,,,
"220,000",84.99,202107,,,,,,,,
"126,000",39.1,202107,,,,,,,,
"161,000",49.21,202107,,,,,,,,
"182,000",115.93,202107,,,,,,,,
"212,000",84.99,202107,,,,,,,,
"123,000",39.1,202107,,,,,,,,
"107,000",43.79,202107,,,,,,,,
"160,000",49.21,202107,,,,,,,,
"154,000",49.29,202107,,,,,,,,
"127,500",39.86,202107,,,,,,,,
"124,000",84.8,202107,,,,,,,,
"102,000",43.79,202107,,,,,,,,
"120,000",39.1,202107,,,,,,,,
"132,000",58.46,202107,,,,,,,,
"220,000",84.98,202107,,,,,,,,
"187,000",59.96,202107,,,,,,,,
"220,000",84.98,202107,,,,,,,,
"219,000",99.6,202107,,,,,,,,
"136,000",59.91,202107,,,,,,,,
"109,000",83.66,202107,,,,,,,,
"165,000",84.69,202107,,,,,,,,
"22,400",31,202107,,,,,,,,
"92,300",84.58,202107,,,,,,,,
"146,500",84.42,202107,,,,,,,,
"307,000",130.06,202107,,,,,,,,
"220,000",84.95,202107,,,,,,,,
"135,000",59.91,202107,,,,,,,,
"22,000",30.25,202107,,,,,,,,
"132,000",59.92,202107,,,,,,,,
"229,000",84.98,202107,,,,,,,,
"224,800",84.99,202107,,,,,,,,
"106,500",84.99,202107,,,,,,,,
"140,000",59.92,202107,,,,,,,,
"100,200",43.79,202107,,,,,,,,
"220,000",84.98,202107,,,,,,,,
"214,500",84.95,202107,,,,,,,,
"133,500",39.86,202107,,,,,,,,
"189,000",120.4,202107,,,,,,,,
"157,000",84.98,202107,,,,,,,,
"18,800",25.32,202107,,,,,,,,
"144,000",84.42,202107,,,,,,,,
"252,000",99.6,202107,,,,,,,,
"141,000",59.92,202107,,,,,,,,
"124,000",59.88,202107,,,,,,,,
"50,000",55.62,202107,,,,,,,,
"225,000",84.95,202107,,,,,,,,
"223,000",84.98,202107,,,,,,,,
"126,800",39.1,202107,,,,,,,,
"138,000",59.92,202107,,,,,,,,
"230,000",84.99,202107,,,,,,,,
"225,000",84.99,202107,,,,,,,,
"163,000",49.29,202107,,,,,,,,
"70,500",84.99,202107,,,,,,,,
"186,000",59.96,202107,,,,,,,,
"123,000",39.1,202107,,,,,,,,
"148,500",84.42,202107,,,,,,,,
"127,000",39.17,202107,,,,,,,,
"28,700",31.68,202107,,,,,,,,
"83,000",39.69,202107,,,,,,,,
"164,000",84.9342,202107,,,,,,,,
"106,000",81.43,202107,,,,,,,,
"89,000",54.6,202107,,,,,,,,
"171,000",84.96,202107,,,,,,,,
"160,000",84.98,202107,,,,,,,,
"89,500",59.91,202107,,,,,,,,
"92,500",46.26,202107,,,,,,,,
"200,000",84.751,202107,,,,,,,,
"196,000",84.705,202107,,,,,,,,
"234,000",136.325,202107,,,,,,,,
"86,500",84.57,202107,,,,,,,,
"86,000",39.69,202107,,,,,,,,
"161,500",84.9648,202107,,,,,,,,
"301,000",192.235,202107,,,,,,,,
"165,000",84.9725,202107,,,,,,,,
"76,500",84.79,202107,,,,,,,,
"87,500",59.91,202107,,,,,,,,
"117,000",81.43,202107,,,,,,,,
"143,750",84.86,202107,,,,,,,,
"80,000",59.94,202107,,,,,,,,
"89,500",46.26,202107,,,,,,,,
"93,000",46.26,202107,,,,,,,,
"188,500",120.97,202107,,,,,,,,
"150,000",84.39,202107,,,,,,,,
"95,000",59.91,202107,,,,,,,,
"80,000",39.69,202107,,,,,,,,
"237,000",136.325,202107,,,,,,,,
"137,000",59.73,202107,,,,,,,,
"173,000",90.8877,202107,,,,,,,,
"178,000",101.8,202107,,,,,,,,
"147,500",84.94,202107,,,,,,,,
"177,000",90.8877,202107,,,,,,,,
"138,000",59.85,202107,,,,,,,,
"145,000",59.63,202107,,,,,,,,
"123,000",51.78,202107,,,,,,,,
"142,000",59.63,202107,,,,,,,,
"135,000",59.96,202107,,,,,,,,
"114,000",51.77,202107,,,,,,,,
"135,000",59.96,202107,,,,,,,,
"180,000",101.38,202107,,,,,,,,
"140,000",59.96,202107,,,,,,,,
"116,000",51.96,202107,,,,,,,,
"144,500",84.98,202107,,,,,,,,
"110,000",51.77,202107,,,,,,,,
"143,500",59.66,202107,,,,,,,,
"137,000",59.96,202107,,,,,,,,
"183,000",101.8,202107,,,,,,,,
"252,000",100.31,202107,,,,,,,,
"245,000",100.82,202107,,,,,,,,
"90,000",84.94,202107,,,,,,,,
"253,000",100.82,202107,,,,,,,,
"149,500",84.95,202107,,,,,,,,
"40,000",33.3799,202107,,,,,,,,
"255,000",100.31,202107,,,,,,,,
"340,000",163.44,202107,,,,,,,,
"167,000",84.915,202107,,,,,,,,
"313,000",135.99,202107,,,,,,,,
"174,000",62.19,202107,,,,,,,,
"60,700",69.38,202107,,,,,,,,
"197,500",125.075,202107,,,,,,,,
"237,000",83.06,202107,,,,,,,,
"167,000",84.915,202107,,,,,,,,
"99,000",71.26,202107,,,,,,,,
"186,000",84.98,202107,,,,,,,,
"87,500",54.943,202107,,,,,,,,
"58,000",31,202107,,,,,,,,
"174,000",125.79,202107,,,,,,,,
"177,000",125.79,202107,,,,,,,,
"55,000",81.57,202107,,,,,,,,
"153,000",84.91,202107,,,,,,,,
"95,000",45.77,202107,,,,,,,,
"68,000",84.96,202107,,,,,,,,
"187,000",84.98,202107,,,,,,,,
"96,000",82.96,202107,,,,,,,,
"71,000",38.9,202107,,,,,,,,
"81,000",59.91,202107,,,,,,,,
"94,700",59.74,202107,,,,,,,,
"97,000",82.96,202107,,,,,,,,
"93,500",84.94,202107,,,,,,,,
"75,000",39.6,202107,,,,,,,,
"95,500",49.8,202107,,,,,,,,
"101,800",84.94,202107,,,,,,,,
"98,000",59.74,202107,,,,,,,,
"110,000",84.94,202107,,,,,,,,
"122,000",105.24,202107,,,,,,,,
"94,000",49.8,202107,,,,,,,,
"109,000",84.13,202107,,,,,,,,
"119,000",84.79,202107,,,,,,,,
"89,950",49.54,202107,,,,,,,,
"79,800",55.32,202107,,,,,,,,
"90,000",49.54,202107,,,,,,,,
"91,000",59.26,202107,,,,,,,,
"96,000",84.96,202107,,,,,,,,
"133,000",84.13,202107,,,,,,,,
"110,000",84.96,202107,,,,,,,,
"95,000",79.31,202107,,,,,,,,
"90,500",59.31,202107,,,,,,,,
"148,000",114.81,202107,,,,,,,,
"333,000",162.419,202108,,,,,,,,
"187,000",59.96,202108,,,,,,,,
"269,800",81.75,202108,,,,,,,,
"242,000",76.5,202108,,,,,,,,
"240,000",84.99,202108,,,,,,,,
"198,000",59.99,202108,,,,,,,,
"466,000",178.325,202108,,,,,,,,
"254,000",76.5,202108,,,,,,,,
"190,000",115.83,202108,,,,,,,,
"235,000",84.8,202108,,,,,,,,
"195,000",59.96,202108,,,,,,,,
"112,000",27.68,202108,,,,,,,,
"249,000",84.99,202108,,,,,,,,
"226,000",84.82,202108,,,,,,,,
"143,000",143.7984,202108,,,,,,,,
"258,000",76.5,202108,,,,,,,,
"96,500",27.68,202108,,,,,,,,
"111,500",27.68,202108,,,,,,,,
"99,500",27.68,202108,,,,,,,,
"182,000",59.88,202108,,,,,,,,
"159,500",84.68,202108,,,,,,,,
"238,000",84.8,202108,,,,,,,,
"180,000",59.97,202108,,,,,,,,
"123,000",27.68,202108,,,,,,,,
"264,800",76.5,202108,,,,,,,,
"328,000",176.034,202108,,,,,,,,
"283,100",82.61,202108,,,,,,,,
"243,000",84.88,202108,,,,,,,,
"230,000",96.65,202108,,,,,,,,
"209,000",59.96,202108,,,,,,,,
"103,000",27.68,202108,,,,,,,,
"297,800",82.61,202108,,,,,,,,
"263,300",76.5,202108,,,,,,,,
"250,000",76.5,202108,,,,,,,,
"242,000",84.8,202108,,,,,,,,
"226,000",84.95,202108,,,,,,,,
"238,000",84.97,202108,,,,,,,,
"230,000",82.45,202108,,,,,,,,
"296,500",144.77,202108,,,,,,,,
"228,000",84.79,202108,,,,,,,,
"220,000",84.79,202108,,,,,,,,
"259,500",166.7,202108,,,,,,,,
"199,500",148.15,202108,,,,,,,,
"302,000",144.77,202108,,,,,,,,
"230,000",84.79,202108,,,,,,,,
"191,000",59.86,202108,,,,,,,,
"246,500",99,202108,,,,,,,,
"219,500",84.79,202108,,,,,,,,
"270,000",121.63,202108,,,,,,,,
"253,000",84.97,202108,,,,,,,,
"320,000",155.22,202108,,,,,,,,
"213,000",84.9,202108,,,,,,,,
"250,000",99,202108,,,,,,,,
"100,000",35.24,202108,,,,,,,,
"215,000",84.9,202108,,,,,,,,
"191,500",59.95,202108,,,,,,,,
"350,000",182.01,202108,,,,,,,,
"190,000",59.86,202108,,,,,,,,
"190,000",59.95,202108,,,,,,,,
"200,000",71.2,202108,,,,,,,,
"215,000",84.9,202108,,,,,,,,
"97,500",84.63,202108,,,,,,,,
"85,900",59.36,202108,,,,,,,,
"143,000",84.38,202108,,,,,,,,
"143,000",84.38,202108,,,,,,,,
"71,500",43.2,202108,,,,,,,,
"165,000",59.97,202108,,,,,,,,
"143,000",84.85,202108,,,,,,,,
"130,000",84.38,202108,,,,,,,,
"85,000",84.89,202108,,,,,,,,
"75,000",40.95,202108,,,,,,,,
"124,000",84.97,202108,,,,,,,,
"77,000",59.36,202108,,,,,,,,
"98,500",59.78,202108,,,,,,,,
"142,000",84.76,202108,,,,,,,,
"200,000",75.99,202108,,,,,,,,
"140,000",84.86,202108,,,,,,,,
"111,000",84.76,202108,,,,,,,,
"158,000",84,202108,,,,,,,,
"66,500",72.88,202108,,,,,,,,
"171,700",105.99,202108,,,,,,,,
"222,000",146.96,202108,,,,,,,,
"135,000",84.99,202108,,,,,,,,
"145,000",84.92,202108,,,,,,,,
"191,700",126.4,202108,,,,,,,,
"28,500",15.8307,202108,,,,,,,,
"120,000",82,202108,,,,,,,,
"121,000",59.88,202108,,,,,,,,
"15,000",25.05,202108,,,,,,,,
"291,000",110.44,202108,,,,,,,,
"107,900",59.99,202108,,,,,,,,
"237,000",84.99,202108,,,,,,,,
"123,000",59.91,202108,,,,,,,,
"140,000",84.11,202108,,,,,,,,
"189,000",59.96,202108,,,,,,,,
"170,000",120.96,202108,,,,,,,,
"135,000",84.42,202108,,,,,,,,
"162,000",84.69,202108,,,,,,,,
"210,000",84.98,202108,,,,,,,,
"158,000",49.29,202108,,,,,,,,
"87,000",59.9788,202108,,,,,,,,
"181,000",84.885,202108,,,,,,,,
"189,000",59.96,202108,,,,,,,,
"121,500",59.24,202108,,,,,,,,
"29,500",29.82,202108,,,,,,,,
"29,700",29.78,202108,,,,,,,,
"88,000",157.06,202108,,,,,,,,
"194,500",59.96,202108,,,,,,,,
"168,000",84.69,202108,,,,,,,,
"225,000",84.98,202108,,,,,,,,
"203,000",114.756,202108,,,,,,,,
"125,000",101.52,202108,,,,,,,,
"170,000",84.69,202108,,,,,,,,
"132,000",59.91,202108,,,,,,,,
"164,000",84.98,202108,,,,,,,,
"170,000",84.69,202108,,,,,,,,
"154,500",163.807,202108,,,,,,,,
"126,750",39.1,202108,,,,,,,,
"173,500",121.04,202108,,,,,,,,
"193,000",84.98,202108,,,,,,,,
"170,000",84.9942,202108,,,,,,,,
"88,000",39.69,202108,,,,,,,,
"199,500",84.751,202108,,,,,,,,
"245,800",136.325,202108,,,,,,,,
"165,000",84.9725,202108,,,,,,,,
"164,000",84.9342,202108,,,,,,,,
"280,000",158.705,202108,,,,,,,,
"78,000",39.69,202108,,,,,,,,
"185,000",120.97,202108,,,,,,,,
"210,000",117.585,202108,,,,,,,,
"194,000",84.705,202108,,,,,,,,
"236,000",117.585,202108,,,,,,,,
"70,000",35.46,202108,,,,,,,,
"228,000",136.325,202108,,,,,,,,
"154,000",84.39,202108,,,,,,,,
"82,000",46.26,202108,,,,,,,,
"85,000",39.69,202108,,,,,,,,
"238,000",117.585,202108,,,,,,,,
"198,000",84.705,202108,,,,,,,,
"231,000",117.585,202108,,,,,,,,
"114,000",59.57,202108,,,,,,,,
"235,000",136.325,202108,,,,,,,,
"135,000",59.97,202108,,,,,,,,
"134,000",59.95,202108,,,,,,,,
"155,000",84.95,202108,,,,,,,,
"200,000",108.8004,202108,,,,,,,,
"111,300",51.77,202108,,,,,,,,
"130,000",59.85,202108,,,,,,,,
"121,000",51.82,202108,,,,,,,,
"130,000",84.95,202108,,,,,,,,
"136,000",59.97,202108,,,,,,,,
"150,000",84.98,202108,,,,,,,,
"200,000",100.8522,202108,,,,,,,,
"143,000",84.94,202108,,,,,,,,
"114,500",51.77,202108,,,,,,,,
"118,000",54.12,202108,,,,,,,,
"215,000",115.6488,202108,,,,,,,,
"138,000",59.85,202108,,,,,,,,
"155,000",84.9,202108,,,,,,,,
"112,000",51.77,202108,,,,,,,,
"192,000",250.75,202108,,,,,,,,
"59,500",57.64,202108,,,,,,,,
"34,700",23.93,202108,,,,,,,,
"319,000",135.99,202108,,,,,,,,
"315,000",131.76,202108,,,,,,,,
"247,000",83.06,202108,,,,,,,,
"35,800",22.57,202108,,,,,,,,
"59,500",50.4,202108,,,,,,,,
"154,500",84.95,202108,,,,,,,,
"247,000",83.06,202108,,,,,,,,
"54,500",64.61,202108,,,,,,,,
"170,000",144.91,202108,,,,,,,,
"153,500",84.95,202108,,,,,,,,
"185,000",84.98,202108,,,,,,,,
"108,000",73.59,202108,,,,,,,,
"185,000",84.98,202108,,,,,,,,
"125,000",84.91,202108,,,,,,,,
"92,500",45.77,202108,,,,,,,,
"135,000",84.98,202108,,,,,,,,
"154,800",84.91,202108,,,,,,,,
"156,000",109.72,202108,,,,,,,,
"124,000",84.93,202108,,,,,,,,
"120,000",59.9823,202108,,,,,,,,
"141,700",84.9703,202108,,,,,,,,
"164,000",84.91,202108,,,,,,,,
"185,500",84.98,202108,,,,,,,,
"63,000",72.38,202108,,,,,,,,
"64,400",76.47,202108,,,,,,,,
"77,000",39.6,202108,,,,,,,,
"94,000",59.74,202108,,,,,,,,
"132,000",101.95,202108,,,,,,,,
"100,000",49.8,202108,,,,,,,,
"87,000",59.74,202108,,,,,,,,
"73,200",39.6,202108,,,,,,,,
"98,000",49.8,202108,,,,,,,,
"139,500",101.95,202108,,,,,,,,
"113,800",59.73,202108,,,,,,,,
"110,000",84.96,202108,,,,,,,,
"83,000",55.32,202108,,,,,,,,
"110,000",84.96,202108,,,,,,,,
"79,800",84.38,202108,,,,,,,,
"123,000",84.99,202108,,,,,,,,
"94,000",84.71,202108,,,,,,,,
"94,000",84.71,202108,,,,,,,,
"230,000",84.82,202109,,,,,,,,
"250,000",84.8,202109,,,,,,,,
"258,000",84.88,202109,,,,,,,,
"233,500",84.82,202109,,,,,,,,
"228,000",84.97,202109,,,,,,,,
"230,000",84.83,202109,,,,,,,,
"242,000",84.8,202109,,,,,,,,
"250,000",84.99,202109,,,,,,,,
"233,000",84.83,202109,,,,,,,,
"110,000",27.68,202109,,,,,,,,
"239,500",84.95,202109,,,,,,,,
"237,500",84.95,202109,,,,,,,,
"122,500",27.68,202109,,,,,,,,
"299,500",136.74,202109,,,,,,,,
"27,800",18.5251,202109,,,,,,,,
"194,500",59.88,202109,,,,,,,,
"250,000",84.8,202109,,,,,,,,
"196,000",59.99,202109,,,,,,,,
"232,000",84.97,202109,,,,,,,,
"114,500",27.68,202109,,,,,,,,
"101,000",27.68,202109,,,,,,,,
"219,000",84.82,202109,,,,,,,,
"245,000",84.88,202109,,,,,,,,
"270,000",76.5,202109,,,,,,,,
"219,000",59.96,202109,,,,,,,,
"288,100",82.61,202109,,,,,,,,
"87,000",27.68,202109,,,,,,,,
"337,000",119.93,202109,,,,,,,,
"185,000",80.39,202109,,,,,,,,
"127,500",27.68,202109,,,,,,,,
"245,000",84.83,202109,,,,,,,,
"245,000",84.8,202109,,,,,,,,
"295,000",81.75,202109,,,,,,,,
"269,000",76.5,202109,,,,,,,,
"230,000",84.9,202109,,,,,,,,
"230,000",82.45,202109,,,,,,,,
"205,000",84.9,202109,,,,,,,,
"231,000",84.79,202109,,,,,,,,
"310,000",144.77,202109,,,,,,,,
"223,000",84.79,202109,,,,,,,,
"280,000",121.63,202109,,,,,,,,
"227,000",84.9,202109,,,,,,,,
"300,000",121.63,202109,,,,,,,,
"98,000",71.15,202109,,,,,,,,
"234,400",82.45,202109,,,,,,,,
"229,000",82.45,202109,,,,,,,,
"80,000",31.5,202109,,,,,,,,
"190,000",59.86,202109,,,,,,,,
"225,000",84.9,202109,,,,,,,,
"195,000",59.95,202109,,,,,,,,
"250,000",84.97,202109,,,,,,,,
"200,000",171.53,202109,,,,,,,,
"225,000",84.9,202109,,,,,,,,
"120,000",52.51,202109,,,,,,,,
"242,000",84.9,202109,,,,,,,,
"195,000",59.95,202109,,,,,,,,
"101,500",35.24,202109,,,,,,,,
"246,000",84.79,202109,,,,,,,,
"251,000",84.79,202109,,,,,,,,
"130,000",84.85,202109,,,,,,,,
"164,500",59.92,202109,,,,,,,,
"127,000",84.38,202109,,,,,,,,
"114,000",59.96,202109,,,,,,,,
"193,000",75.99,202109,,,,,,,,
"83,000",43.2,202109,,,,,,,,
"80,000",59.96,202109,,,,,,,,
"72,500",84.1,202109,,,,,,,,
"147,000",84.38,202109,,,,,,,,
"105,000",84.63,202109,,,,,,,,
"107,000",59.26,202109,,,,,,,,
"86,000",60,202109,,,,,,,,
"134,900",84.97,202109,,,,,,,,
"104,900",59.69,202109,,,,,,,,
"134,700",84.96,202109,,,,,,,,
"149,000",114.63,202109,,,,,,,,
"190,000",116.94,202109,,,,,,,,
"140,000",84.96,202109,,,,,,,,
"215,000",146.96,202109,,,,,,,,
"165,000",149.89,202109,,,,,,,,
"164,700",79.7,202109,,,,,,,,
"198,000",108.68,202109,,,,,,,,
"171,000",87.98,202109,,,,,,,,
"170,000",87.98,202109,,,,,,,,
"170,000",79.7,202109,,,,,,,,
"160,000",198.26,202109,,,,,,,,
"128,500",83.82,202109,,,,,,,,
"49,000",33.6891,202109,,,,,,,,
"119,000",109.45,202109,,,,,,,,
"95,500",82.77,202109,,,,,,,,
"26,000",33.1,202109,,,,,,,,
"60,000",65.62,202109,,,,,,,,
"18,800",25.32,202109,,,,,,,,
"187,500",59.96,202109,,,,,,,,
"128,500",69.74,202109,,,,,,,,
"169,000",84.69,202109,,,,,,,,
"227,500",84.96,202109,,,,,,,,
"227,000",84.99,202109,,,,,,,,
"120,000",59.91,202109,,,,,,,,
"237,000",84.98,202109,,,,,,,,
"161,500",85,202109,,,,,,,,
"131,000",84.8,202109,,,,,,,,
"139,200",84.51,202109,,,,,,,,
"139,000",84.51,202109,,,,,,,,
"137,500",59.91,202109,,,,,,,,
"135,000",84.51,202109,,,,,,,,
"125,000",39.12,202109,,,,,,,,
"194,000",156.93,202109,,,,,,,,
"238,000",84.99,202109,,,,,,,,
"70,000",74.16,202109,,,,,,,,
"209,000",59.96,202109,,,,,,,,
"194,900",59.96,202109,,,,,,,,
"348,000",130.06,202109,,,,,,,,
"240,000",136.325,202109,,,,,,,,
"197,700",84.705,202109,,,,,,,,
"170,000",84.9342,202109,,,,,,,,
"90,000",84.78,202109,,,,,,,,
"100,750",81.43,202109,,,,,,,,
"73,000",72.95,202109,,,,,,,,
"101,500",84.99,202109,,,,,,,,
"73,000",35.46,202109,,,,,,,,
"72,500",35.46,202109,,,,,,,,
"82,000",39.69,202109,,,,,,,,
"208,000",84.751,202109,,,,,,,,
"62,700",25.65,202109,,,,,,,,
"87,500",39.69,202109,,,,,,,,
"219,000",150.58,202109,,,,,,,,
"250,000",170.7,202109,,,,,,,,
"236,000",117.585,202109,,,,,,,,
"210,000",84.705,202109,,,,,,,,
"144,000",84.86,202109,,,,,,,,
"253,500",136.325,202109,,,,,,,,
"75,000",35.46,202109,,,,,,,,
"146,000",84.98,202109,,,,,,,,
"120,000",51.77,202109,,,,,,,,
"185,000",84.7362,202109,,,,,,,,
"147,000",84.98,202109,,,,,,,,
"174,000",84.8984,202109,,,,,,,,
"192,000",101.95,202109,,,,,,,,
"180,000",100.7848,202109,,,,,,,,
"150,000",84.93,202109,,,,,,,,
"125,000",51.77,202109,,,,,,,,
"139,500",59.97,202109,,,,,,,,
"118,000",51.96,202109,,,,,,,,
"152,800",84.94,202109,,,,,,,,
"65,000",50.4,202109,,,,,,,,
"80,000",80.13,202109,,,,,,,,
"309,000",135.99,202109,,,,,,,,
"293,000",121.23,202109,,,,,,,,
"265,000",100.82,202109,,,,,,,,
"240,000",83.06,202109,,,,,,,,
"310,000",126.18,202109,,,,,,,,
"229,000",170.32,202109,,,,,,,,
"146,500",84.92,202109,,,,,,,,
"104,300",47.88,202109,,,,,,,,
"180,000",125.79,202109,,,,,,,,
"170,000",84.91,202109,,,,,,,,
"140,000",84.98,202109,,,,,,,,
"83,600",50.72,202109,,,,,,,,
"150,000",125.79,202109,,,,,,,,
"97,700",59.74,202109,,,,,,,,
"169,500",84.96,202109,,,,,,,,
"78,500",39.6,202109,,,,,,,,
"87,000",49.8,202109,,,,,,,,
"130,000",95.14,202109,,,,,,,,
"122,000",84.99,202109,,,,,,,,
"141,000",114.84,202109,,,,,,,,
"80,000",84.38,202109,,,,,,,,
"113,000",27.68,202110,,,,,,,,
"260,000",84.8,202110,,,,,,,,
"187,500",59.97,202110,,,,,,,,
"270,000",84.8,202110,,,,,,,,
"320,000",144.77,202110,,,,,,,,
"200,000",59.86,202110,,,,,,,,
"234,500",84.79,202110,,,,,,,,
"231,000",84.9,202110,,,,,,,,
"330,000",144.77,202110,,,,,,,,
"165,000",59.97,202110,,,,,,,,
"118,500",59.78,202110,,,,,,,,
"134,000",84.96,202110,,,,,,,,
"119,500",59.975,202110,,,,,,,,
"105,000",59.98,202110,,,,,,,,
"166,000",79.7,202110,,,,,,,,
"198,000",108.338,202110,,,,,,,,
"212,000",158.61,202110,,,,,,,,
"14,850",18.97,202110,,,,,,,,
"14,900",18.97,202110,,,,,,,,
"24,000",15.8307,202110,,,,,,,,
"24,000",15.8307,202110,,,,,,,,
"238,000",84.95,202110,,,,,,,,
"225,500",84.98,202110,,,,,,,,
"124,500",84.65,202110,,,,,,,,
"140,000",84.11,202110,,,,,,,,
"159,500",49.21,202110,,,,,,,,
"25,900",33.1,202110,,,,,,,,
"140,000",180.516,202110,,,,,,,,
"123,000",39.1,202110,,,,,,,,
"93,500",84.78,202110,,,,,,,,
"87,300",39.69,202110,,,,,,,,
"93,000",71.52,202110,,,,,,,,
"140,000",59.96,202110,,,,,,,,
"293,000",121.23,202110,,,,,,,,
"94,000",45.77,202110,,,,,,,,
"177,000",125.79,202110,,,,,,,,
"85,000",59.79,202110,,,,,,,,
"83,000",59.79,202110,,,,,,,,
"83,000",59.79,202110,,,,,,,,
"88,500",82.13,202110,,,,,,,,
"70,000",80.13,202110,,,,,,,,
